observation_date;SP500;Federal Hermes;Morgan Stanley;UniCredit;Capital Economics;DWS;Evercore ISI;iCapital Research;LPL Financial;Bank of America;Tallbacken Capital
2/01/2025;5868.55;;;;;;;;;;
3/01/2025;5942.47;;;;;;;;;;
6/01/2025;5975.38;;;;;;;;;;
7/01/2025;5909.03;;;;;;;;;;
8/01/2025;5918.25;;;;;;;;;;
10/01/2025;5827.04;;;;;;;;;;
13/01/2025;5836.22;;;;;;;;;;
14/01/2025;5842.91;;;;;;;;;;
15/01/2025;5949.91;;;;;;;;;;
16/01/2025;5937.34;;;;;;;;;;
17/01/2025;5996.66;;;;;;;;;;
21/01/2025;6049.24;;;;;;;;;;
22/01/2025;6086.37;;;;;;;;;;
23/01/2025;6118.71;;;;;;;;;;
24/01/2025;6101.24;;;;;;;;;;
27/01/2025;6012.28;;;;;;;;;;
28/01/2025;6067.7;;;;;;;;;;
29/01/2025;6039.31;;;;;;;;;;
30/01/2025;6071.17;;;;;;;;;;
31/01/2025;6040.53;;;;;;;;;;
3/02/2025;5994.57;;;;;;;;;;
4/02/2025;6037.88;;;;;;;;;;
5/02/2025;6061.48;;;;;;;;;;
6/02/2025;6083.57;;;;;;;;;;
7/02/2025;6025.99;;;;;;;;;;
10/02/2025;6066.44;;;;;;;;;;
11/02/2025;6068.5;;;;;;;;;;
12/02/2025;6051.97;;;;;;;;;;
13/02/2025;6115.07;;;;;;;;;;
14/02/2025;6114.63;;;;;;;;;;
18/02/2025;6129.58;;;;;;;;;;
19/02/2025;6144.15;;;;;;;;;;
20/02/2025;6117.52;;;;;;;;;;
21/02/2025;6013.13;;;;;;;;;;
24/02/2025;5983.25;;;;;;;;;;
25/02/2025;5955.25;;;;;;;;;;
26/02/2025;5956.06;;;;;;;;;;
27/02/2025;5861.57;;;;;;;;;;
28/02/2025;5954.5;;;;;;;;;;
3/03/2025;5849.72;;;;;;;;;;
4/03/2025;5778.15;;;;;;;;;;
5/03/2025;5842.63;;;;;;;;;;
6/03/2025;5738.52;;;;;;;;;;
7/03/2025;5770.2;;;;;;;;;;
10/03/2025;5614.56;;;;;;;;;;
11/03/2025;5572.07;;;;;;;;;;
12/03/2025;5599.3;;;;;;;;;;
13/03/2025;5521.52;;;;;;;;;;
14/03/2025;5638.94;;;;;;;;;;
17/03/2025;5675.12;;;;;;;;;;
18/03/2025;5614.66;;;;;;;;;;
19/03/2025;5675.29;;;;;;;;;;
20/03/2025;5662.89;;;;;;;;;;
21/03/2025;5667.56;;;;;;;;;;
24/03/2025;5767.57;;;;;;;;;;
25/03/2025;5776.65;;;;;;;;;;
26/03/2025;5712.2;;;;;;;;;;
27/03/2025;5693.31;;;;;;;;;;
28/03/2025;5580.94;;;;;;;;;;
31/03/2025;5611.85;;;;;;;;;;
1/04/2025;5633.07;;;;;;;;;;
2/04/2025;5670.97;;;;;;;;;;
3/04/2025;5396.52;;;;;;;;;;
4/04/2025;5074.08;;;;;;;;;;
7/04/2025;5062.25;;;;;;;;;;
8/04/2025;4982.77;;;;;;;;;;
9/04/2025;5456.9;;;;;;;;;;
10/04/2025;5268.05;;;;;;;;;;
11/04/2025;5363.36;;;;;;;;;;
14/04/2025;5405.97;;;;;;;;;;
15/04/2025;5396.63;;;;;;;;;;
16/04/2025;5275.7;;;;;;;;;;
17/04/2025;5282.7;;;;;;;;;;
21/04/2025;5158.2;;;;;;;;;;
22/04/2025;5287.76;;;;;;;;;;
23/04/2025;5375.86;;;;;;;;;;
24/04/2025;5484.77;;;;;;;;;;
25/04/2025;5525.21;;;;;;;;;;
28/04/2025;5528.75;;;;;;;;;;
29/04/2025;5560.83;;;;;;;;;;
30/04/2025;5569.06;;;;;;;;;;
1/05/2025;5604.14;;;;;;;;;;
2/05/2025;5686.67;;;;;;;;;;
5/05/2025;5650.38;;;;;;;;;;
6/05/2025;5606.91;;;;;;;;;;
7/05/2025;5631.28;;;;;;;;;;
8/05/2025;5663.94;;;;;;;;;;
9/05/2025;5659.91;;;;;;;;;;
12/05/2025;5844.19;;;;;;;;;;
13/05/2025;5886.55;;;;;;;;;;
14/05/2025;5892.58;;;;;;;;;;
15/05/2025;5916.93;;;;;;;;;;
16/05/2025;5958.38;;;;;;;;;;
19/05/2025;5963.6;;;;;;;;;;
20/05/2025;5940.46;;;;;;;;;;
21/05/2025;5844.61;;;;;;;;;;
22/05/2025;5842.01;;;;;;;;;;
23/05/2025;5802.82;;;;;;;;;;
27/05/2025;5921.54;;;;;;;;;;
28/05/2025;5888.55;;;;;;;;;;
29/05/2025;5912.17;;;;;;;;;;
30/05/2025;5911.69;;;;;;;;;;
2/06/2025;5935.94;;;;;;;;;;
3/06/2025;5970.37;;;;;;;;;;
4/06/2025;5970.81;;;;;;;;;;
5/06/2025;5939.3;;;;;;;;;;
6/06/2025;6000.36;;;;;;;;;;
9/06/2025;6005.88;;;;;;;;;;
10/06/2025;6038.81;;;;;;;;;;
11/06/2025;6022.24;;;;;;;;;;
12/06/2025;6045.26;;;;;;;;;;
13/06/2025;5976.97;;;;;;;;;;
16/06/2025;6033.11;;;;;;;;;;
17/06/2025;5982.72;;;;;;;;;;
18/06/2025;5980.87;;;;;;;;;;
20/06/2025;5967.84;;;;;;;;;;
23/06/2025;6025.17;;;;;;;;;;
24/06/2025;6092.18;;;;;;;;;;
25/06/2025;6092.16;;;;;;;;;;
26/06/2025;6141.02;;;;;;;;;;
27/06/2025;6173.07;;;;;;;;;;
30/06/2025;6204.95;;;;;;;;;;
1/07/2025;6198.01;;;;;;;;;;
2/07/2025;6227.42;;;;;;;;;;
3/07/2025;6279.35;;;;;;;;;;
7/07/2025;6229.98;;;;;;;;;;
8/07/2025;6225.52;;;;;;;;;;
9/07/2025;6263.26;;;;;;;;;;
10/07/2025;6280.46;;;;;;;;;;
11/07/2025;6259.75;;;;;;;;;;
14/07/2025;6268.56;;;;;;;;;;
15/07/2025;6243.76;;;;;;;;;;
16/07/2025;6263.7;;;;;;;;;;
17/07/2025;6297.36;;;;;;;;;;
18/07/2025;6296.79;;;;;;;;;;
21/07/2025;6305.6;;;;;;;;;;
22/07/2025;6309.62;;;;;;;;;;
23/07/2025;6358.91;;;;;;;;;;
24/07/2025;6363.35;;;;;;;;;;
25/07/2025;6388.64;;;;;;;;;;
28/07/2025;6389.77;;;;;;;;;;
29/07/2025;6370.86;;;;;;;;;;
30/07/2025;6362.9;;;;;;;;;;
31/07/2025;6339.39;;;;;;;;;;
1/08/2025;6238.01;;;;;;;;;;
4/08/2025;6329.94;;;;;;;;;;
5/08/2025;6299.19;;;;;;;;;;
6/08/2025;6345.06;;;;;;;;;;
7/08/2025;6340;;;;;;;;;;
8/08/2025;6389.45;;;;;;;;;;
11/08/2025;6373.45;;;;;;;;;;
12/08/2025;6445.76;;;;;;;;;;
13/08/2025;6466.58;;;;;;;;;;
14/08/2025;6468.54;;;;;;;;;;
15/08/2025;6449.8;;;;;;;;;;
18/08/2025;6449.15;;;;;;;;;;
19/08/2025;6411.37;;;;;;;;;;
20/08/2025;6395.78;;;;;;;;;;
21/08/2025;6370.17;;;;;;;;;;
22/08/2025;6466.91;;;;;;;;;;
25/08/2025;6439.32;;;;;;;;;;
26/08/2025;6465.94;;;;;;;;;;
27/08/2025;6481.4;;;;;;;;;;
28/08/2025;6501.86;;;;;;;;;;
29/08/2025;6460.26;;;;;;;;;;
2/09/2025;6415.54;;;;;;;;;;
3/09/2025;6448.26;;;;;;;;;;
4/09/2025;6502.08;;;;;;;;;;
5/09/2025;6481.5;;;;;;;;;;
8/09/2025;6495.15;;;;;;;;;;
9/09/2025;6512.61;;;;;;;;;;
10/09/2025;6532.04;;;;;;;;;;
11/09/2025;6587.47;;;;;;;;;;
12/09/2025;6584.29;;;;;;;;;;
15/09/2025;6615.28;;;;;;;;;;
16/09/2025;6606.76;;;;;;;;;;
17/09/2025;6600.35;;;;;;;;;;
18/09/2025;6631.96;;;;;;;;;;
19/09/2025;6664.36;;;;;;;;;;
22/09/2025;6693.75;;;;;;;;;;
23/09/2025;6656.92;;;;;;;;;;
24/09/2025;6637.97;;;;;;;;;;
25/09/2025;6604.72;;;;;;;;;;
26/09/2025;6643.7;;;;;;;;;;
29/09/2025;6661.21;;;;;;;;;;
30/09/2025;6688.46;;;;;;;;;;
1/10/2025;6711.2;;;;;;;;;;
2/10/2025;6715.35;;;;;;;;;;
3/10/2025;6715.79;;;;;;;;;;
6/10/2025;6740.28;;;;;;;;;;
7/10/2025;6714.59;;;;;;;;;;
8/10/2025;6753.72;;;;;;;;;;
9/10/2025;6735.11;;;;;;;;;;
10/10/2025;6552.51;;;;;;;;;;
13/10/2025;6654.72;;;;;;;;;;
14/10/2025;6644.31;;;;;;;;;;
15/10/2025;6671.06;;;;;;;;;;
16/10/2025;6629.07;;;;;;;;;;
17/10/2025;6664.01;;;;;;;;;;
20/10/2025;6735.13;;;;;;;;;;
21/10/2025;6735.35;;;;;;;;;;
22/10/2025;6699.4;;;;;;;;;;
23/10/2025;6738.44;;;;;;;;;;
24/10/2025;6791.69;;;;;;;;;;
27/10/2025;6875.16;;;;;;;;;;
28/10/2025;6890.89;;;;;;;;;;
29/10/2025;6890.59;;;;;;;;;;
30/10/2025;6822.34;;;;;;;;;;
31/10/2025;6840.2;;;;;;;;;;
3/11/2025;6851.97;;;;;;;;;;
4/11/2025;6771.55;;;;;;;;;;
5/11/2025;6796.29;;;;;;;;;;
6/11/2025;6720.32;;;;;;;;;;
7/11/2025;6728.8;;;;;;;;;;
10/11/2025;6832.43;;;;;;;;;;
11/11/2025;6846.61;;;;;;;;;;
12/11/2025;6850.92;;;;;;;;;;
13/11/2025;6737.49;;;;;;;;;;
14/11/2025;6734.11;;;;;;;;;;
17/11/2025;6672.41;;;;;;;;;;
18/11/2025;6617.32;;;;;;;;;;
19/11/2025;6642.16;;;;;;;;;;
20/11/2025;6538.76;;;;;;;;;;
21/11/2025;6602.99;;;;;;;;;;
24/11/2025;6705.12;;;;;;;;;;
25/11/2025;6765.88;;;;;;;;;;
26/11/2025;6812.61;;;;;;;;;;
28/11/2025;6849.09;;;;;;;;;;
1/12/2025;6812.63;;;;;;;;;;
2/12/2025;6829.37;;;;;;;;;;
3/12/2025;6849.72;;;;;;;;;;
4/12/2025;6857.12;;;;;;;;;;
5/12/2025;6870.4;;;;;;;;;;
8/12/2025;6846.51;;;;;;;;;;
9/12/2025;6840.51;;;;;;;;;;
10/12/2025;6886.68;;;;;;;;;;
11/12/2025;6901;;;;;;;;;;
12/12/2025;6827.41;;;;;;;;;;
15/12/2025;6816.51;;;;;;;;;;
16/12/2025;6800.26;;;;;;;;;;
17/12/2025;6721.43;;;;;;;;;;
18/12/2025;6774.76;;;;;;;;;;
19/12/2025;6834.5;;;;;;;;;;
22/12/2025;6878.49;;;;;;;;;;
23/12/2025;6909.79;;;;;;;;;;
24/12/2025;6932.05;;;;;;;;;;
26/12/2025;6929.94;;;;;;;;;;
29/12/2025;6905.74;;;;;;;;;;
30/12/2025;6896.24;;;;;;;;;;
31/12/2025;6845.5;;;;;;;;;;
1/01/2026;;;;;;;;;;;
2/01/2026;;;;;;;;;;;
3/01/2026;;;;;;;;;;;
4/01/2026;;;;;;;;;;;
5/01/2026;;;;;;;;;;;
6/01/2026;;;;;;;;;;;
7/01/2026;;;;;;;;;;;
8/01/2026;;;;;;;;;;;
9/01/2026;;;;;;;;;;;
10/01/2026;;;;;;;;;;;
11/01/2026;;;;;;;;;;;
12/01/2026;;;;;;;;;;;
13/01/2026;;;;;;;;;;;
14/01/2026;;;;;;;;;;;
15/01/2026;;;;;;;;;;;
16/01/2026;;;;;;;;;;;
17/01/2026;;;;;;;;;;;
18/01/2026;;;;;;;;;;;
19/01/2026;;;;;;;;;;;
20/01/2026;;;;;;;;;;;
21/01/2026;;;;;;;;;;;
22/01/2026;;;;;;;;;;;
23/01/2026;;;;;;;;;;;
24/01/2026;;;;;;;;;;;
25/01/2026;;;;;;;;;;;
26/01/2026;;;;;;;;;;;
27/01/2026;;;;;;;;;;;
28/01/2026;;;;;;;;;;;
29/01/2026;;;;;;;;;;;
30/01/2026;;;;;;;;;;;
31/01/2026;;;;;;;;;;;
1/02/2026;;;;;;;;;;;
2/02/2026;;;;;;;;;;;
3/02/2026;;;;;;;;;;;
4/02/2026;;;;;;;;;;;
5/02/2026;;;;;;;;;;;
6/02/2026;;;;;;;;;;;
7/02/2026;;;;;;;;;;;
8/02/2026;;;;;;;;;;;
9/02/2026;;;;;;;;;;;
10/02/2026;;;;;;;;;;;
11/02/2026;;;;;;;;;;;
12/02/2026;;;;;;;;;;;
13/02/2026;;;;;;;;;;;
14/02/2026;;;;;;;;;;;
15/02/2026;;;;;;;;;;;
16/02/2026;;;;;;;;;;;
17/02/2026;;;;;;;;;;;
18/02/2026;;;;;;;;;;;
19/02/2026;;;;;;;;;;;
20/02/2026;;;;;;;;;;;
21/02/2026;;;;;;;;;;;
22/02/2026;;;;;;;;;;;
23/02/2026;;;;;;;;;;;
24/02/2026;;;;;;;;;;;
25/02/2026;;;;;;;;;;;
26/02/2026;;;;;;;;;;;
27/02/2026;;;;;;;;;;;
28/02/2026;;;;;;;;;;;
1/03/2026;;;;;;;;;;;
2/03/2026;;;;;;;;;;;
3/03/2026;;;;;;;;;;;
4/03/2026;;;;;;;;;;;
5/03/2026;;;;;;;;;;;
6/03/2026;;;;;;;;;;;
7/03/2026;;;;;;;;;;;
8/03/2026;;;;;;;;;;;
9/03/2026;;;;;;;;;;;
10/03/2026;;;;;;;;;;;
11/03/2026;;;;;;;;;;;
12/03/2026;;;;;;;;;;;
13/03/2026;;;;;;;;;;;
14/03/2026;;;;;;;;;;;
15/03/2026;;;;;;;;;;;
16/03/2026;;;;;;;;;;;
17/03/2026;;;;;;;;;;;
18/03/2026;;;;;;;;;;;
19/03/2026;;;;;;;;;;;
20/03/2026;;;;;;;;;;;
21/03/2026;;;;;;;;;;;
22/03/2026;;;;;;;;;;;
23/03/2026;;;;;;;;;;;
24/03/2026;;;;;;;;;;;
25/03/2026;;;;;;;;;;;
26/03/2026;;;;;;;;;;;
27/03/2026;;;;;;;;;;;
28/03/2026;;;;;;;;;;;
29/03/2026;;;;;;;;;;;
30/03/2026;;;;;;;;;;;
31/03/2026;;;;;;;;;;;
1/04/2026;;;;;;;;;;;
2/04/2026;;;;;;;;;;;
3/04/2026;;;;;;;;;;;
4/04/2026;;;;;;;;;;;
5/04/2026;;;;;;;;;;;
6/04/2026;;;;;;;;;;;
7/04/2026;;;;;;;;;;;
8/04/2026;;;;;;;;;;;
9/04/2026;;;;;;;;;;;
10/04/2026;;;;;;;;;;;
11/04/2026;;;;;;;;;;;
12/04/2026;;;;;;;;;;;
13/04/2026;;;;;;;;;;;
14/04/2026;;;;;;;;;;;
15/04/2026;;;;;;;;;;;
16/04/2026;;;;;;;;;;;
17/04/2026;;;;;;;;;;;
18/04/2026;;;;;;;;;;;
19/04/2026;;;;;;;;;;;
20/04/2026;;;;;;;;;;;
21/04/2026;;;;;;;;;;;
22/04/2026;;;;;;;;;;;
23/04/2026;;;;;;;;;;;
24/04/2026;;;;;;;;;;;
25/04/2026;;;;;;;;;;;
26/04/2026;;;;;;;;;;;
27/04/2026;;;;;;;;;;;
28/04/2026;;;;;;;;;;;
29/04/2026;;;;;;;;;;;
30/04/2026;;;;;;;;;;;
1/05/2026;;;;;;;;;;;
2/05/2026;;;;;;;;;;;
3/05/2026;;;;;;;;;;;
4/05/2026;;;;;;;;;;;
5/05/2026;;;;;;;;;;;
6/05/2026;;;;;;;;;;;
7/05/2026;;;;;;;;;;;
8/05/2026;;;;;;;;;;;
9/05/2026;;;;;;;;;;;
10/05/2026;;;;;;;;;;;
11/05/2026;;;;;;;;;;;
12/05/2026;;;;;;;;;;;
13/05/2026;;;;;;;;;;;
14/05/2026;;;;;;;;;;;
15/05/2026;;;;;;;;;;;
16/05/2026;;;;;;;;;;;
17/05/2026;;;;;;;;;;;
18/05/2026;;;;;;;;;;;
19/05/2026;;;;;;;;;;;
20/05/2026;;;;;;;;;;;
21/05/2026;;;;;;;;;;;
22/05/2026;;;;;;;;;;;
23/05/2026;;;;;;;;;;;
24/05/2026;;;;;;;;;;;
25/05/2026;;;;;;;;;;;
26/05/2026;;;;;;;;;;;
27/05/2026;;;;;;;;;;;
28/05/2026;;;;;;;;;;;
29/05/2026;;;;;;;;;;;
30/05/2026;;;;;;;;;;;
31/05/2026;;;;;;;;;;;
1/06/2026;;;;;;;;;;;
2/06/2026;;;;;;;;;;;
3/06/2026;;;;;;;;;;;
4/06/2026;;;;;;;;;;;
5/06/2026;;;;;;;;;;;
6/06/2026;;;;;;;;;;;
7/06/2026;;;;;;;;;;;
8/06/2026;;;;;;;;;;;
9/06/2026;;;;;;;;;;;
10/06/2026;;;;;;;;;;;
11/06/2026;;;;;;;;;;;
12/06/2026;;;;;;;;;;;
13/06/2026;;;;;;;;;;;
14/06/2026;;;;;;;;;;;
15/06/2026;;;;;;;;;;;
16/06/2026;;;;;;;;;;;
17/06/2026;;;;;;;;;;;
18/06/2026;;;;;;;;;;;
19/06/2026;;;;;;;;;;;
20/06/2026;;;;;;;;;;;
21/06/2026;;;;;;;;;;;
22/06/2026;;;;;;;;;;;
23/06/2026;;;;;;;;;;;
24/06/2026;;;;;;;;;;;
25/06/2026;;;;;;;;;;;
26/06/2026;;;;;;;;;;;
27/06/2026;;;;;;;;;;;
28/06/2026;;;;;;;;;;;
29/06/2026;;;;;;;;;;;
30/06/2026;;;;;;;;;;;
1/07/2026;;;;;;;;;;;
2/07/2026;;;;;;;;;;;
3/07/2026;;;;;;;;;;;
4/07/2026;;;;;;;;;;;
5/07/2026;;;;;;;;;;;
6/07/2026;;;;;;;;;;;
7/07/2026;;;;;;;;;;;
8/07/2026;;;;;;;;;;;
9/07/2026;;;;;;;;;;;
10/07/2026;;;;;;;;;;;
11/07/2026;;;;;;;;;;;
12/07/2026;;;;;;;;;;;
13/07/2026;;;;;;;;;;;
14/07/2026;;;;;;;;;;;
15/07/2026;;;;;;;;;;;
16/07/2026;;;;;;;;;;;
17/07/2026;;;;;;;;;;;
18/07/2026;;;;;;;;;;;
19/07/2026;;;;;;;;;;;
20/07/2026;;;;;;;;;;;
21/07/2026;;;;;;;;;;;
22/07/2026;;;;;;;;;;;
23/07/2026;;;;;;;;;;;
24/07/2026;;;;;;;;;;;
25/07/2026;;;;;;;;;;;
26/07/2026;;;;;;;;;;;
27/07/2026;;;;;;;;;;;
28/07/2026;;;;;;;;;;;
29/07/2026;;;;;;;;;;;
30/07/2026;;;;;;;;;;;
31/07/2026;;;;;;;;;;;
1/08/2026;;;;;;;;;;;
2/08/2026;;;;;;;;;;;
3/08/2026;;;;;;;;;;;
4/08/2026;;;;;;;;;;;
5/08/2026;;;;;;;;;;;
6/08/2026;;;;;;;;;;;
7/08/2026;;;;;;;;;;;
8/08/2026;;;;;;;;;;;
9/08/2026;;;;;;;;;;;
10/08/2026;;;;;;;;;;;
11/08/2026;;;;;;;;;;;
12/08/2026;;;;;;;;;;;
13/08/2026;;;;;;;;;;;
14/08/2026;;;;;;;;;;;
15/08/2026;;;;;;;;;;;
16/08/2026;;;;;;;;;;;
17/08/2026;;;;;;;;;;;
18/08/2026;;;;;;;;;;;
19/08/2026;;;;;;;;;;;
20/08/2026;;;;;;;;;;;
21/08/2026;;;;;;;;;;;
22/08/2026;;;;;;;;;;;
23/08/2026;;;;;;;;;;;
24/08/2026;;;;;;;;;;;
25/08/2026;;;;;;;;;;;
26/08/2026;;;;;;;;;;;
27/08/2026;;;;;;;;;;;
28/08/2026;;;;;;;;;;;
29/08/2026;;;;;;;;;;;
30/08/2026;;;;;;;;;;;
31/08/2026;;;;;;;;;;;
1/09/2026;;;;;;;;;;;
2/09/2026;;;;;;;;;;;
3/09/2026;;;;;;;;;;;
4/09/2026;;;;;;;;;;;
5/09/2026;;;;;;;;;;;
6/09/2026;;;;;;;;;;;
7/09/2026;;;;;;;;;;;
8/09/2026;;;;;;;;;;;
9/09/2026;;;;;;;;;;;
10/09/2026;;;;;;;;;;;
11/09/2026;;;;;;;;;;;
12/09/2026;;;;;;;;;;;
13/09/2026;;;;;;;;;;;
14/09/2026;;;;;;;;;;;
15/09/2026;;;;;;;;;;;
16/09/2026;;;;;;;;;;;
17/09/2026;;;;;;;;;;;
18/09/2026;;;;;;;;;;;
19/09/2026;;;;;;;;;;;
20/09/2026;;;;;;;;;;;
21/09/2026;;;;;;;;;;;
22/09/2026;;;;;;;;;;;
23/09/2026;;;;;;;;;;;
24/09/2026;;;;;;;;;;;
25/09/2026;;;;;;;;;;;
26/09/2026;;;;;;;;;;;
27/09/2026;;;;;;;;;;;
28/09/2026;;;;;;;;;;;
29/09/2026;;;;;;;;;;;
30/09/2026;;;;;;;;;;;
1/10/2026;;;;;;;;;;;
2/10/2026;;;;;;;;;;;
3/10/2026;;;;;;;;;;;
4/10/2026;;;;;;;;;;;
5/10/2026;;;;;;;;;;;
6/10/2026;;;;;;;;;;;
7/10/2026;;;;;;;;;;;
8/10/2026;;;;;;;;;;;
9/10/2026;;;;;;;;;;;
10/10/2026;;;;;;;;;;;
11/10/2026;;;;;;;;;;;
12/10/2026;;;;;;;;;;;
13/10/2026;;;;;;;;;;;
14/10/2026;;;;;;;;;;;
15/10/2026;;;;;;;;;;;
16/10/2026;;;;;;;;;;;
17/10/2026;;;;;;;;;;;
18/10/2026;;;;;;;;;;;
19/10/2026;;;;;;;;;;;
20/10/2026;;;;;;;;;;;
21/10/2026;;;;;;;;;;;
22/10/2026;;;;;;;;;;;
23/10/2026;;;;;;;;;;;
24/10/2026;;;;;;;;;;;
25/10/2026;;;;;;;;;;;
26/10/2026;;;;;;;;;;;
27/10/2026;;;;;;;;;;;
28/10/2026;;;;;;;;;;;
29/10/2026;;;;;;;;;;;
30/10/2026;;;;;;;;;;;
31/10/2026;;;;;;;;;;;
1/11/2026;;;;;;;;;;;
2/11/2026;;;;;;;;;;;
3/11/2026;;;;;;;;;;;
4/11/2026;;;;;;;;;;;
5/11/2026;;;;;;;;;;;
6/11/2026;;;;;;;;;;;
7/11/2026;;;;;;;;;;;
8/11/2026;;;;;;;;;;;
9/11/2026;;;;;;;;;;;
10/11/2026;;;;;;;;;;;
11/11/2026;;;;;;;;;;;
12/11/2026;;;;;;;;;;;
13/11/2026;;;;;;;;;;;
14/11/2026;;;;;;;;;;;
15/11/2026;;;;;;;;;;;
16/11/2026;;;;;;;;;;;
17/11/2026;;;;;;;;;;;
18/11/2026;;;;;;;;;;;
19/11/2026;;;;;;;;;;;
20/11/2026;;;;;;;;;;;
21/11/2026;;;;;;;;;;;
22/11/2026;;;;;;;;;;;
23/11/2026;;;;;;;;;;;
24/11/2026;;;;;;;;;;;
25/11/2026;;;;;;;;;;;
26/11/2026;;;;;;;;;;;
27/11/2026;;;;;;;;;;;
28/11/2026;;;;;;;;;;;
29/11/2026;;;;;;;;;;;
30/11/2026;;;;;;;;;;;
1/12/2026;;;;;;;;;;;
2/12/2026;;;;;;;;;;;
3/12/2026;;;;;;;;;;;
4/12/2026;;;;;;;;;;;
5/12/2026;;;;;;;;;;;
6/12/2026;;;;;;;;;;;
7/12/2026;;;;;;;;;;;
8/12/2026;;;;;;;;;;;
9/12/2026;;;;;;;;;;;
10/12/2026;;;;;;;;;;;
11/12/2026;;;;;;;;;;;
12/12/2026;;;;;;;;;;;
13/12/2026;;;;;;;;;;;
14/12/2026;;;;;;;;;;;
15/12/2026;;;;;;;;;;;
16/12/2026;;;;;;;;;;;
17/12/2026;;;;;;;;;;;
18/12/2026;;;;;;;;;;;
19/12/2026;;;;;;;;;;;
20/12/2026;;;;;;;;;;;
21/12/2026;;;;;;;;;;;
22/12/2026;;;;;;;;;;;
23/12/2026;;;;;;;;;;;
24/12/2026;;;;;;;;;;;
25/12/2026;;;;;;;;;;;
26/12/2026;;;;;;;;;;;
27/12/2026;;;;;;;;;;;
28/12/2026;;;;;;;;;;;
29/12/2026;;;;;;;;;;;
30/12/2026;;;;;;;;;;;
31/12/2026;;7800;7800;7600;8000;7500;7750;7400;7300;7100;7400
1/01/2027;;;;;;;;;;;
2/01/2027;;Federated Hermes ha mejorado su perspectiva de beneficios futuros y también hemos aumentado nuestro objetivo de precio para el S&P 500 2026 de 7.500 a 7.800.;Las acciones estadounidenses deberían superar a sus homólogos globales en 2026, con el S&P 500 subiendo hasta 7.800 en los próximos 12 meses, una ganancia del 14% respecto a su nivel actual, frente a las ganancias esperadas del 7% para el TOPIX japonés y el 4% del MSCI Europa.;Las acciones mantienen potencial al alza, lideradas por las acciones estadounidenses impulsadas por las ganancias de productividad impulsadas por la IA e inversión fiscal. La perspectiva de Europa se sostiene con el gasto en defensa e infraestructuras, aunque la demanda débil y la lenta adopción tecnológica frenan el impulso. Se prevé que el S&P 500 alcance los 7.600, mientras que el Euro STOXX 50 podría subir hasta los 6.200.;No hay duda de que las valoraciones de las acciones son altas, especialmente en Estados Unidos. Pero aún no están tan tensos como durante la última burbuja bursátil impulsada por la tecnología a finales de los años 90 y el crecimiento de los beneficios debería mantenerse sólido. Por ello, creemos que las acciones pueden seguir repuntando durante un tiempo: proyectamos que el S&P 500 subirá a 8.000 para finales de 2026.;Nuestro optimismo por las acciones se mantiene, especialmente en Estados Unidos: el S&P 500 podría alcanzar alrededor de 7.500 puntos a finales de 2026, impulsado por el crecimiento de beneficios y las inversiones en IA. Las finanzas podrían beneficiarse de rendimientos moderados y desregulación.;"El mercado alcista se extenderá en 2026, respaldado por la revolución en curso de la IA y reforzado por un sólido aunque poco destacable crecimiento económico, así como por estímulos fiscales y monetarios (OBBB, ciclo de recortes de la Fed). Es importante destacar que las señales que históricamente han puesto fin a los mercados alcistas —recesión, ""no cooperativa"" Fed, el entusiasmo de los inversores y el sentimiento de los mercados de capitales— están ausentes. El caso base es S&P 500 con 7.750 al final del año.";Se esperan rentabilidades de un solo dígito en rentas variables, impulsadas por el crecimiento de los beneficios. Vemos el valor razonable del S&P 500 cerca de 7.200-7.400, asumiendo una compresión múltiple modesta.;El rango objetivo de valor razonable de LPL Research para el S&P 500 a final de año 2026 es de 7.300 a 7.400, basado en 23 veces 320 dólares en ganancias por acción del S&P 500 en 2027, un aumento del 10% respecto a nuestra estimación revisada al alza para 2026 de 290 dólares. Estimamos que las probabilidades de este escenario sean alrededor del 60%.;Esperamos un crecimiento del EPS del 14% pero solo un 4-5% de apreciación del precio del S&P, con un objetivo de cierre de año de 7.100 para el índice. Estamos atentos a señales que sugieran que podríamos estar pasando de un mercado alcista impulsado por el consumo a uno impulsado por el capital.;Nuestro objetivo de precio de fin de año para el SPX es 7.400. Actualmente, el SPX cotiza a valoraciones elevadas en el extremo superior de su canal de tendencia a largo plazo. Esto significa que se debería esperar cierta consolidación en algún momento, quizás a mediados o finales del invierno.
3/01/2027;;;;;;;;;;;
4/01/2027;;;;;;;;;;;
5/01/2027;;;;;;;;;;;
6/01/2027;;;;;;;;;;;
7/01/2027;;;;;;;;;;;
8/01/2027;;;;;;;;;;;
9/01/2027;;;;;;;;;;;
10/01/2027;;;;;;;;;;;
11/01/2027;;;;;;;;;;;
12/01/2027;;;;;;;;;;;
13/01/2027;;;;;;;;;;;
14/01/2027;;;;;;;;;;;
15/01/2027;;;;;;;;;;;
16/01/2027;;;;;;;;;;;
17/01/2027;;;;;;;;;;;
18/01/2027;;;;;;;;;;;
19/01/2027;;;;;;;;;;;
20/01/2027;;;;;;;;;;;
21/01/2027;;;;;;;;;;;
22/01/2027;;;;;;;;;;;
23/01/2027;;;;;;;;;;;
24/01/2027;;;;;;;;;;;
25/01/2027;;;;;;;;;;;
26/01/2027;;;;;;;;;;;
27/01/2027;;;;;;;;;;;
28/01/2027;;;;;;;;;;;
29/01/2027;;;;;;;;;;;
30/01/2027;;;;;;;;;;;
31/01/2027;;;;;;;;;;;
1/02/2027;;;;;;;;;;;
2/02/2027;;;;;;;;;;;
3/02/2027;;;;;;;;;;;
4/02/2027;;;;;;;;;;;
5/02/2027;;;;;;;;;;;
6/02/2027;;;;;;;;;;;
7/02/2027;;;;;;;;;;;
8/02/2027;;;;;;;;;;;
9/02/2027;;;;;;;;;;;
10/02/2027;;;;;;;;;;;
11/02/2027;;;;;;;;;;;
12/02/2027;;;;;;;;;;;
13/02/2027;;;;;;;;;;;
14/02/2027;;;;;;;;;;;
15/02/2027;;;;;;;;;;;
16/02/2027;;;;;;;;;;;
17/02/2027;;;;;;;;;;;
18/02/2027;;;;;;;;;;;
19/02/2027;;;;;;;;;;;
20/02/2027;;;;;;;;;;;
21/02/2027;;;;;;;;;;;
22/02/2027;;;;;;;;;;;
23/02/2027;;;;;;;;;;;
24/02/2027;;;;;;;;;;;
25/02/2027;;;;;;;;;;;
26/02/2027;;;;;;;;;;;
27/02/2027;;;;;;;;;;;
28/02/2027;;;;;;;;;;;
1/03/2027;;;;;;;;;;;
2/03/2027;;;;;;;;;;;
3/03/2027;;;;;;;;;;;
4/03/2027;;;;;;;;;;;
5/03/2027;;;;;;;;;;;
6/03/2027;;;;;;;;;;;
7/03/2027;;;;;;;;;;;
8/03/2027;;;;;;;;;;;
9/03/2027;;;;;;;;;;;
10/03/2027;;;;;;;;;;;
11/03/2027;;;;;;;;;;;
12/03/2027;;;;;;;;;;;
13/03/2027;;;;;;;;;;;
14/03/2027;;;;;;;;;;;
15/03/2027;;;;;;;;;;;
16/03/2027;;;;;;;;;;;
17/03/2027;;;;;;;;;;;
18/03/2027;;;;;;;;;;;
19/03/2027;;;;;;;;;;;
20/03/2027;;;;;;;;;;;
21/03/2027;;;;;;;;;;;
22/03/2027;;;;;;;;;;;
23/03/2027;;;;;;;;;;;
24/03/2027;;;;;;;;;;;
25/03/2027;;;;;;;;;;;
26/03/2027;;;;;;;;;;;
27/03/2027;;;;;;;;;;;
28/03/2027;;;;;;;;;;;
29/03/2027;;;;;;;;;;;
30/03/2027;;;;;;;;;;;
31/03/2027;;;;;;;;;;;
1/04/2027;;;;;;;;;;;
2/04/2027;;;;;;;;;;;
3/04/2027;;;;;;;;;;;
4/04/2027;;;;;;;;;;;
5/04/2027;;;;;;;;;;;
6/04/2027;;;;;;;;;;;
7/04/2027;;;;;;;;;;;
8/04/2027;;;;;;;;;;;
9/04/2027;;;;;;;;;;;
10/04/2027;;;;;;;;;;;
11/04/2027;;;;;;;;;;;
12/04/2027;;;;;;;;;;;
13/04/2027;;;;;;;;;;;
14/04/2027;;;;;;;;;;;
15/04/2027;;;;;;;;;;;
16/04/2027;;;;;;;;;;;
17/04/2027;;;;;;;;;;;
18/04/2027;;;;;;;;;;;
19/04/2027;;;;;;;;;;;
20/04/2027;;;;;;;;;;;
21/04/2027;;;;;;;;;;;
22/04/2027;;;;;;;;;;;
23/04/2027;;;;;;;;;;;
24/04/2027;;;;;;;;;;;
25/04/2027;;;;;;;;;;;
26/04/2027;;;;;;;;;;;
27/04/2027;;;;;;;;;;;
28/04/2027;;;;;;;;;;;
29/04/2027;;;;;;;;;;;
30/04/2027;;;;;;;;;;;
1/05/2027;;;;;;;;;;;
2/05/2027;;;;;;;;;;;
3/05/2027;;;;;;;;;;;
4/05/2027;;;;;;;;;;;
5/05/2027;;;;;;;;;;;
6/05/2027;;;;;;;;;;;
7/05/2027;;;;;;;;;;;
8/05/2027;;;;;;;;;;;
9/05/2027;;;;;;;;;;;
10/05/2027;;;;;;;;;;;
11/05/2027;;;;;;;;;;;
12/05/2027;;;;;;;;;;;
13/05/2027;;;;;;;;;;;
14/05/2027;;;;;;;;;;;
15/05/2027;;;;;;;;;;;
16/05/2027;;;;;;;;;;;
17/05/2027;;;;;;;;;;;
18/05/2027;;;;;;;;;;;
19/05/2027;;;;;;;;;;;
20/05/2027;;;;;;;;;;;
21/05/2027;;;;;;;;;;;
22/05/2027;;;;;;;;;;;
23/05/2027;;;;;;;;;;;
24/05/2027;;;;;;;;;;;
25/05/2027;;;;;;;;;;;
26/05/2027;;;;;;;;;;;
27/05/2027;;;;;;;;;;;
28/05/2027;;;;;;;;;;;
29/05/2027;;;;;;;;;;;
30/05/2027;;;;;;;;;;;
31/05/2027;;;;;;;;;;;
1/06/2027;;;;;;;;;;;
2/06/2027;;;;;;;;;;;
3/06/2027;;;;;;;;;;;
4/06/2027;;;;;;;;;;;
5/06/2027;;;;;;;;;;;
6/06/2027;;;;;;;;;;;
7/06/2027;;;;;;;;;;;
8/06/2027;;;;;;;;;;;
9/06/2027;;;;;;;;;;;
10/06/2027;;;;;;;;;;;
11/06/2027;;;;;;;;;;;
12/06/2027;;;;;;;;;;;
13/06/2027;;;;;;;;;;;
14/06/2027;;;;;;;;;;;
15/06/2027;;;;;;;;;;;
16/06/2027;;;;;;;;;;;
17/06/2027;;;;;;;;;;;
18/06/2027;;;;;;;;;;;
19/06/2027;;;;;;;;;;;
20/06/2027;;;;;;;;;;;
21/06/2027;;;;;;;;;;;
22/06/2027;;;;;;;;;;;
23/06/2027;;;;;;;;;;;
24/06/2027;;;;;;;;;;;
25/06/2027;;;;;;;;;;;
26/06/2027;;;;;;;;;;;
27/06/2027;;;;;;;;;;;
28/06/2027;;;;;;;;;;;
29/06/2027;;;;;;;;;;;
30/06/2027;;;;;;;;;;;
1/07/2027;;;;;;;;;;;
2/07/2027;;;;;;;;;;;
3/07/2027;;;;;;;;;;;
4/07/2027;;;;;;;;;;;
5/07/2027;;;;;;;;;;;
6/07/2027;;;;;;;;;;;
7/07/2027;;;;;;;;;;;
8/07/2027;;;;;;;;;;;
9/07/2027;;;;;;;;;;;
10/07/2027;;;;;;;;;;;
11/07/2027;;;;;;;;;;;
12/07/2027;;;;;;;;;;;
13/07/2027;;;;;;;;;;;
14/07/2027;;;;;;;;;;;
15/07/2027;;;;;;;;;;;
16/07/2027;;;;;;;;;;;
17/07/2027;;;;;;;;;;;
18/07/2027;;;;;;;;;;;
19/07/2027;;;;;;;;;;;
20/07/2027;;;;;;;;;;;
21/07/2027;;;;;;;;;;;
22/07/2027;;;;;;;;;;;
23/07/2027;;;;;;;;;;;
24/07/2027;;;;;;;;;;;
25/07/2027;;;;;;;;;;;
26/07/2027;;;;;;;;;;;
27/07/2027;;;;;;;;;;;
28/07/2027;;;;;;;;;;;
29/07/2027;;;;;;;;;;;
30/07/2027;;;;;;;;;;;
31/07/2027;;;;;;;;;;;
1/08/2027;;;;;;;;;;;
2/08/2027;;;;;;;;;;;
3/08/2027;;;;;;;;;;;
4/08/2027;;;;;;;;;;;
5/08/2027;;;;;;;;;;;
6/08/2027;;;;;;;;;;;
7/08/2027;;;;;;;;;;;
8/08/2027;;;;;;;;;;;
9/08/2027;;;;;;;;;;;
10/08/2027;;;;;;;;;;;
11/08/2027;;;;;;;;;;;
12/08/2027;;;;;;;;;;;
13/08/2027;;;;;;;;;;;
14/08/2027;;;;;;;;;;;
15/08/2027;;;;;;;;;;;
16/08/2027;;;;;;;;;;;
17/08/2027;;;;;;;;;;;
18/08/2027;;;;;;;;;;;
19/08/2027;;;;;;;;;;;
20/08/2027;;;;;;;;;;;
21/08/2027;;;;;;;;;;;
22/08/2027;;;;;;;;;;;
23/08/2027;;;;;;;;;;;
24/08/2027;;;;;;;;;;;
25/08/2027;;;;;;;;;;;
26/08/2027;;;;;;;;;;;
27/08/2027;;;;;;;;;;;
28/08/2027;;;;;;;;;;;
29/08/2027;;;;;;;;;;;
30/08/2027;;;;;;;;;;;
31/08/2027;;;;;;;;;;;
1/09/2027;;;;;;;;;;;
2/09/2027;;;;;;;;;;;
3/09/2027;;;;;;;;;;;
4/09/2027;;;;;;;;;;;
5/09/2027;;;;;;;;;;;
6/09/2027;;;;;;;;;;;
7/09/2027;;;;;;;;;;;
8/09/2027;;;;;;;;;;;
9/09/2027;;;;;;;;;;;
10/09/2027;;;;;;;;;;;
11/09/2027;;;;;;;;;;;
12/09/2027;;;;;;;;;;;
13/09/2027;;;;;;;;;;;
14/09/2027;;;;;;;;;;;
15/09/2027;;;;;;;;;;;
16/09/2027;;;;;;;;;;;
17/09/2027;;;;;;;;;;;
18/09/2027;;;;;;;;;;;
19/09/2027;;;;;;;;;;;
20/09/2027;;;;;;;;;;;
21/09/2027;;;;;;;;;;;
22/09/2027;;;;;;;;;;;
23/09/2027;;;;;;;;;;;
24/09/2027;;;;;;;;;;;
25/09/2027;;;;;;;;;;;
26/09/2027;;;;;;;;;;;
27/09/2027;;;;;;;;;;;
28/09/2027;;;;;;;;;;;
29/09/2027;;;;;;;;;;;
30/09/2027;;;;;;;;;;;
1/10/2027;;;;;;;;;;;
2/10/2027;;;;;;;;;;;
3/10/2027;;;;;;;;;;;
4/10/2027;;;;;;;;;;;
5/10/2027;;;;;;;;;;;
6/10/2027;;;;;;;;;;;
7/10/2027;;;;;;;;;;;
8/10/2027;;;;;;;;;;;
9/10/2027;;;;;;;;;;;
10/10/2027;;;;;;;;;;;
11/10/2027;;;;;;;;;;;
12/10/2027;;;;;;;;;;;
13/10/2027;;;;;;;;;;;
14/10/2027;;;;;;;;;;;
15/10/2027;;;;;;;;;;;
16/10/2027;;;;;;;;;;;
17/10/2027;;;;;;;;;;;
18/10/2027;;;;;;;;;;;
19/10/2027;;;;;;;;;;;
20/10/2027;;;;;;;;;;;
21/10/2027;;;;;;;;;;;
22/10/2027;;;;;;;;;;;
23/10/2027;;;;;;;;;;;
24/10/2027;;;;;;;;;;;
25/10/2027;;;;;;;;;;;
26/10/2027;;;;;;;;;;;
27/10/2027;;;;;;;;;;;
28/10/2027;;;;;;;;;;;
29/10/2027;;;;;;;;;;;
30/10/2027;;;;;;;;;;;
31/10/2027;;;;;;;;;;;
1/11/2027;;;;;;;;;;;
2/11/2027;;;;;;;;;;;
3/11/2027;;;;;;;;;;;
4/11/2027;;;;;;;;;;;
5/11/2027;;;;;;;;;;;
6/11/2027;;;;;;;;;;;
7/11/2027;;;;;;;;;;;
8/11/2027;;;;;;;;;;;
9/11/2027;;;;;;;;;;;
10/11/2027;;;;;;;;;;;
11/11/2027;;;;;;;;;;;
12/11/2027;;;;;;;;;;;
13/11/2027;;;;;;;;;;;
14/11/2027;;;;;;;;;;;
15/11/2027;;;;;;;;;;;
16/11/2027;;;;;;;;;;;
17/11/2027;;;;;;;;;;;
18/11/2027;;;;;;;;;;;
19/11/2027;;;;;;;;;;;
20/11/2027;;;;;;;;;;;
21/11/2027;;;;;;;;;;;
22/11/2027;;;;;;;;;;;
23/11/2027;;;;;;;;;;;
24/11/2027;;;;;;;;;;;
25/11/2027;;;;;;;;;;;
26/11/2027;;;;;;;;;;;
27/11/2027;;;;;;;;;;;
28/11/2027;;;;;;;;;;;
29/11/2027;;;;;;;;;;;
30/11/2027;;;;;;;;;;;
1/12/2027;;;;;;;;;;;
2/12/2027;;;;;;;;;;;
3/12/2027;;;;;;;;;;;
4/12/2027;;;;;;;;;;;
5/12/2027;;;;;;;;;;;
6/12/2027;;;;;;;;;;;
7/12/2027;;;;;;;;;;;
8/12/2027;;;;;;;;;;;
9/12/2027;;;;;;;;;;;
10/12/2027;;;;;;;;;;;
11/12/2027;;;;;;;;;;;
12/12/2027;;;;;;;;;;;
13/12/2027;;;;;;;;;;;
14/12/2027;;;;;;;;;;;
15/12/2027;;;;;;;;;;;
16/12/2027;;;;;;;;;;;
17/12/2027;;;;;;;;;;;
18/12/2027;;;;;;;;;;;
19/12/2027;;;;;;;;;;;
20/12/2027;;;;;;;;;;;
21/12/2027;;;;;;;;;;;
22/12/2027;;;;;;;;;;;
23/12/2027;;;;;;;;;;;
24/12/2027;;;;;;;;;;;
25/12/2027;;;;;;;;;;;
26/12/2027;;;;;;;;;;;
27/12/2027;;;;;;;;;;;
28/12/2027;;;;;;;;;;;
29/12/2027;;;;;;;;;;;
30/12/2027;;;;;;;;;;;
31/12/2027;;;;;;;;;;;
