word,tfidf_score,semantic_position,frequency,relative_frequency,sentiment_label,sentiment_score
interest rate,0.22961334462444488,0.5892402642777174,108,0.019251336898395723,Neutral,0.9994359612464905
supply chain,0.2264719914696372,0.24273835407650557,108,0.019251336898395723,Neutral,0.99458247423172
monetary policy,0.19421757288337704,0.6362226882556786,86,0.015329768270944741,Neutral,0.9981471300125122
earnings growth,0.1890851123905189,0.6311474272963296,84,0.014973262032085561,Positive,0.9921256899833679
bond yield,0.16947572797414245,0.5174379567929757,72,0.012834224598930482,Neutral,0.9999685287475586
euro zone,0.1653745145327725,0.1964396027460141,70,0.012477718360071301,Neutral,0.9988788962364197
yield curve,0.14991226786450332,0.5452564395428291,60,0.0106951871657754,Neutral,0.9999469518661499
government bond,0.1393038401679132,0.34535654175093544,54,0.009625668449197862,Neutral,0.9965037107467651
gdp growth,0.1336562546255465,0.7797052153464006,50,0.008912655971479501,Neutral,0.7477681636810303
rate hike,0.12831000444052465,0.6209422317928234,48,0.008556149732620321,Positive,0.9932088255882263
equity return,0.1256368793480137,0.2528407293179433,47,0.00837789661319073,Neutral,0.9733933806419373
global growth,0.1244263163391032,0.5924045655863159,48,0.008556149732620321,Positive,0.9999988079071045
growth inflation,0.11273751093195243,1.0,40,0.0071301247771836,Neutral,0.8473119139671326
fixed income,0.11273751093195243,0.4189818448199774,41,0.00730837789661319,Neutral,0.9997285008430481
real estate,0.10922481189819062,0.2091291168604092,39,0.006951871657754011,Neutral,0.9969567060470581
risk asset,0.10082290329063749,0.1764049053979565,36,0.006417112299465241,Negative,0.5332469940185547
asset class,0.08627432578851092,0.15689836484004663,30,0.0053475935828877,Neutral,0.9999366998672485
inflation rate,0.08627432578851092,0.9841300118260672,30,0.0053475935828877,Neutral,0.9975864887237549
growth slow,0.08497654590113116,0.6421740196354746,27,0.004812834224598931,Negative,0.9994456171989441
rate rise,0.08398753472233847,0.7061679084186214,29,0.00516934046345811,Neutral,0.6395936608314514
policy rate,0.0776038370164483,0.4912407263567661,25,0.004456327985739751,Neutral,0.9999505281448364
tighter monetary,0.07461907405427722,0.5749490278508155,25,0.004456327985739751,Negative,0.9525911211967468
yield rise,0.07461907405427722,0.6164275606546322,25,0.004456327985739751,Positive,0.9997935891151428
presidential election,0.07238742798985247,0.171606810334833,23,0.00409982174688057,Neutral,0.9938230514526367
investment grade,0.07221737955129838,0.3297187677493181,24,0.0042780748663101605,Neutral,0.9960475564002991
real asset,0.0697899093203335,0.2265895319819419,23,0.00409982174688057,Neutral,0.9952768087387085
european equity,0.06733554566260824,0.2321357329426036,22,0.00392156862745098,Neutral,0.9994810223579407
real yield,0.06733554566260824,0.5222678920409287,22,0.00392156862745098,Neutral,0.9986405968666077
rising inflation,0.06733554566260824,0.9035325213944199,22,0.00392156862745098,Neutral,0.5616357326507568
real rate,0.0654582042585377,0.46726002169880604,21,0.0037433155080213902,Neutral,0.9994165897369385
credit spread,0.06485306968295382,0.2716026348375645,21,0.0037433155080213902,Neutral,0.9946030974388123
energy price,0.06358104252076122,0.4977392401832007,20,0.0035650623885918,Neutral,0.9973926544189453
china growth,0.062341146912893046,0.5639696406507562,20,0.0035650623885918,Positive,0.9999947547912598
fiscal monetary,0.062341146912893046,0.6966211439954209,20,0.0035650623885918,Neutral,0.9804283976554871
europe japan,0.062341146912893046,0.10576266076803437,20,0.0035650623885918,Neutral,0.9983000159263611
real gdp,0.05979831007857377,0.6035266054674754,19,0.0033868092691622105,Neutral,0.8008171319961548
tighter monetary policy,0.05979831007857377,0.607642734230059,19,0.0033868092691622105,Negative,0.9953763484954834
global equity,0.05979831007857377,0.24561294090099736,19,0.0033868092691622105,Neutral,0.998724639415741
government bond yield,0.05979831007857377,0.5559794739238975,19,0.0033868092691622105,Neutral,0.9999743700027466
chain bottleneck,0.05979831007857377,0.29088853228544065,19,0.0033868092691622105,Negative,0.5922721028327942
supply chain bottleneck,0.05979831007857377,0.3747933083702237,19,0.0033868092691622105,Negative,0.9996258020401001
equity valuation,0.05913902653803442,0.30669605085648954,18,0.0032085561497326204,Neutral,0.9997639060020447
gdp growth slow,0.0582703962809278,0.7437260286474734,16,0.00285204991087344,Negative,0.9999390840530396
growth momentum,0.05804003489362403,0.5129436148263866,17,0.0030303030303030303,Positive,1.0
policy normalization,0.057222938268685096,0.220535986531924,18,0.0032085561497326204,Neutral,0.99273282289505
inflation moderate,0.057222938268685096,0.7968781327050263,18,0.0032085561497326204,Neutral,0.8903699517250061
inflation expectation,0.057222938268685096,0.775993875961672,18,0.0032085561497326204,Neutral,0.987644374370575
inflation elevated,0.057222938268685096,0.8608497741717018,18,0.0032085561497326204,Negative,0.8224089741706848
downside risk,0.057222938268685096,0.17159045657536603,18,0.0032085561497326204,Negative,0.9865698218345642
federal reserve,0.057222938268685096,0.49615980216215577,18,0.0032085561497326204,Neutral,0.9836519956588745
financial condition,0.057222938268685096,0.4393376284514013,18,0.0032085561497326204,Neutral,0.9345502257347107
solid earnings,0.057222938268685096,0.3396082489006706,18,0.0032085561497326204,Positive,1.0
weaker dollar,0.05462591519399909,0.5320600330045775,16,0.00285204991087344,Negative,0.9962278604507446
major bank,0.05461323151177025,0.2510014414027277,17,0.0030303030303030303,Neutral,0.9978786706924438
fed hike,0.05461323151177025,0.3658555137375885,17,0.0030303030303030303,Neutral,0.921383798122406
swiss franc,0.05461323151177025,0.25090540287943675,17,0.0030303030303030303,Neutral,0.999821126461029
fiscal policy,0.05461323151177025,0.5313067769685468,17,0.0030303030303030303,Neutral,0.9997177720069885
stretched valuation,0.05461323151177025,0.4791021712970932,17,0.0030303030303030303,Negative,0.9311025142669678
bond return,0.05276397226391769,0.2776448924417163,15,0.00267379679144385,Neutral,0.9988327622413635
total return,0.05196717942668088,0.24452810301276504,16,0.00285204991087344,Neutral,0.858053982257843
base effect,0.05196717942668088,0.2989338996445039,16,0.00285204991087344,Neutral,0.9992095232009888
treasury yield,0.05052322404730703,0.6047399159718492,15,0.00267379679144385,Neutral,0.9999896287918091
growth rising,0.049882179366465655,0.6988774125888764,14,0.0024955436720142605,Positive,0.9999995231628418
growth stock,0.049882179366465655,0.5544226506147459,15,0.00267379679144385,Neutral,0.8915026187896729
growth euro,0.049282522115028676,0.6961217409551532,15,0.00267379679144385,Neutral,0.6128095388412476
bank raise,0.049282522115028676,0.6234746621751898,15,0.00267379679144385,Neutral,0.7539063096046448
elevated inflation,0.049282522115028676,0.8600750898603592,15,0.00267379679144385,Negative,0.9932928085327148
rising cost,0.049282522115028676,0.5586227892020559,15,0.00267379679144385,Negative,0.7484790086746216
risk inflation,0.049282522115028676,0.7660938214678872,15,0.00267379679144385,Neutral,0.8211408853530884
return forecast,0.049282522115028676,0.370365178224982,15,0.00267379679144385,Neutral,0.8160675168037415
chain issue,0.049282522115028676,0.18432640604620187,15,0.00267379679144385,Negative,0.9996199607849121
base case,0.049282522115028676,0.19425965773027207,15,0.00267379679144385,Neutral,0.9997122883796692
supply chain issue,0.049282522115028676,0.2615612431676323,15,0.00267379679144385,Negative,0.9999717473983765
monetary fiscal,0.049282522115028676,0.6792930894838907,15,0.00267379679144385,Neutral,0.958130955696106
policy support,0.049282522115028676,0.23523462197329453,15,0.00267379679144385,Neutral,0.9972896575927734
inflation pressure,0.0477976757947492,0.8048772911810571,14,0.0024955436720142605,Negative,0.9995550513267517
equity europe,0.0471550091108199,0.17267274792025328,13,0.0023172905525846704,Neutral,0.9988189339637756
supply chain constraint,0.04655670074203461,0.29288513736467964,14,0.0024955436720142605,Negative,0.9998830556869507
chain constraint,0.04655670074203461,0.2155839905760522,14,0.0024955436720142605,Neutral,0.8594832420349121
real gdp growth,0.04655670074203461,0.767611619157381,14,0.0024955436720142605,Neutral,0.9260284304618835
global real,0.04502810807230601,0.25458414063542384,13,0.0023172905525846704,Neutral,0.9790368676185608
balance sheet,0.04502810807230601,0.39248186415755265,13,0.0023172905525846704,Neutral,0.9999489784240723
inflation risk,0.04438355609512426,0.8223344630334851,12,0.0021390374331550803,Negative,0.8789902925491333
bank raise rate,0.04378679417433276,0.724643381926758,13,0.0023172905525846704,Neutral,0.9810764789581299
deliver return,0.04378679417433276,0.180646902211849,13,0.0023172905525846704,Positive,0.9999988079071045
accommodative policy,0.04378679417433276,0.2527937832492064,13,0.0023172905525846704,Neutral,0.9076758027076721
uncertainty surrounding,0.04378679417433276,0.15986298204627922,13,0.0023172905525846704,Negative,0.9980218410491943
monetary tightening,0.04378679417433276,0.6209662310030117,13,0.0023172905525846704,Negative,0.9890233278274536
rise inflation,0.04378679417433276,0.926189862292069,13,0.0023172905525846704,Neutral,0.5679763555526733
consumer spending,0.04378679417433276,0.5122333792901862,13,0.0023172905525846704,Neutral,0.9750354290008545
supply constraint,0.04378679417433276,0.3749348106529256,13,0.0023172905525846704,Negative,0.9994327425956726
tightening monetary policy,0.04378679417433276,0.6125700042217608,13,0.0023172905525846704,Negative,0.8014578819274902
tightening monetary,0.04378679417433276,0.6166632956531215,13,0.0023172905525846704,Negative,0.8494731783866882
chain problem,0.04378679417433276,0.2113942304317891,13,0.0023172905525846704,Negative,0.9999736547470093
solid earnings growth,0.04378679417433276,0.5813717660754958,13,0.0023172905525846704,Positive,1.0
global recovery,0.04378679417433276,0.11439099836309974,13,0.0023172905525846704,Positive,0.9999856948852539
ongoing supply,0.04378679417433276,0.3300036501626714,13,0.0023172905525846704,Neutral,0.8834131956100464
pressure ease,0.04378679417433276,0.2570492542442194,13,0.0023172905525846704,Negative,0.7322377562522888
hike rate,0.04378679417433276,0.5999160746636738,13,0.0023172905525846704,Neutral,0.6040529012680054
good demand,0.04378679417433276,0.3326981842814039,13,0.0023172905525846704,Positive,1.0
growth expectation,0.04378679417433276,0.5989251802578965,13,0.0023172905525846704,Positive,0.8131369948387146
raise rate,0.04378679417433276,0.6782340330907386,13,0.0023172905525846704,Neutral,0.703959047794342
growth forecast,0.04156440745135939,0.6789239365521909,11,0.00196078431372549,Neutral,0.7418986558914185
supported solid,0.04096943639549932,0.2148208295657922,12,0.0021390374331550803,Positive,1.0
ongoing supply chain,0.04096943639549932,0.27856830125644544,12,0.0021390374331550803,Neutral,0.6408427953720093
policy mistake,0.04096943639549932,0.2117174526315691,12,0.0021390374331550803,Negative,0.5163435935974121
price pressure,0.04096943639549932,0.4716715878043883,12,0.0021390374331550803,Negative,0.9993119239807129
global gdp,0.04096943639549932,0.5573644200622403,12,0.0021390374331550803,Neutral,0.9857349991798401
profit growth,0.04096943639549932,0.6180857576096442,12,0.0021390374331550803,Positive,0.9770094752311707
bund yield,0.04096943639549932,0.40864195957015637,12,0.0021390374331550803,Neutral,0.9999839067459106
supported solid earnings,0.04096943639549932,0.35513433488208446,12,0.0021390374331550803,Positive,1.0
bond yield rise,0.04096943639549932,0.6039575712059515,12,0.0021390374331550803,Positive,0.9971254467964172
risk growth,0.04096943639549932,0.5349490616262239,12,0.0021390374331550803,Neutral,0.7395334839820862
hedge fund,0.0408634403296801,0.2567176573965043,11,0.00196078431372549,Neutral,0.999129593372345
increase inflation,0.0408634403296801,0.9474139887426101,11,0.00196078431372549,Negative,0.599864661693573
chinese government,0.03810070683041278,0.2141656248260017,11,0.00196078431372549,Neutral,0.997143566608429
zone japan,0.03810070683041278,0.061285268663982206,11,0.00196078431372549,Neutral,0.9986333250999451
accommodative monetary,0.03810070683041278,0.5719885387359762,11,0.00196078431372549,Neutral,0.9745309948921204
accommodative monetary policy,0.03810070683041278,0.5917785358495378,11,0.00196078431372549,Neutral,0.824444591999054
keep inflation,0.03810070683041278,0.863143032082818,11,0.00196078431372549,Neutral,0.8677880167961121
growth versus,0.03810070683041278,0.5882150359562599,11,0.00196078431372549,Neutral,0.9992635846138
inflation supply chain,0.03810070683041278,0.7828941276485225,11,0.00196078431372549,Neutral,0.9761431217193604
growth prospect,0.03810070683041278,0.5164844462837526,11,0.00196078431372549,Positive,0.9993071556091309
inflation supply,0.03810070683041278,0.8989707953429302,11,0.00196078431372549,Neutral,0.9860975742340088
euro zone japan,0.03810070683041278,0.176042111879879,11,0.00196078431372549,Neutral,0.9996978044509888
nominal growth,0.03810070683041278,0.7211913731876094,11,0.00196078431372549,Neutral,0.9892784953117371
oil price,0.03810070683041278,0.41036725468426094,11,0.00196078431372549,Neutral,0.9936105608940125
fiscal tightening,0.03810070683041278,0.586710359087978,11,0.00196078431372549,Neutral,0.9822163581848145
return global,0.03810070683041278,0.18756183672931212,11,0.00196078431372549,Positive,0.8794263005256653
supply bottleneck,0.03810070683041278,0.4277246516339372,11,0.00196078431372549,Negative,0.6273381114006042
gold dollar,0.03641899767557987,0.42984958179248073,10,0.0017825311942959,Neutral,0.9991511106491089
real interest,0.035766362152735265,0.309674063149405,10,0.0017825311942959,Neutral,0.9961036443710327
cycle inflation,0.035766362152735265,0.8294528141071027,9,0.0016042780748663102,Neutral,0.9894669651985168
real interest rate,0.035766362152735265,0.5554851643356905,10,0.0017825311942959,Neutral,0.9996022582054138
climate change,0.03517598150927846,0.31615488095693334,10,0.0017825311942959,Neutral,0.9806686043739319
support inflation,0.03517598150927846,0.8324924216923273,10,0.0017825311942959,Neutral,0.8894884586334229
curve flatten,0.03517598150927846,0.28766129612235436,10,0.0017825311942959,Neutral,0.9977995753288269
commodity price,0.03517598150927846,0.5230944356221328,10,0.0017825311942959,Neutral,0.9987853169441223
risk investor,0.03517598150927846,0.16991847592605203,10,0.0017825311942959,Negative,0.9128944277763367
volatility elevated,0.03517598150927846,0.38499286111861897,10,0.0017825311942959,Negative,0.8956769704818726
reasonable valuation,0.03517598150927846,0.40020770754333973,10,0.0017825311942959,Positive,0.786756157875061
corporate credit,0.03517598150927846,0.23471904224689547,10,0.0017825311942959,Neutral,0.9953098893165588
consumer staple,0.03517598150927846,0.22806049403574857,10,0.0017825311942959,Neutral,0.9989699125289917
growth elevated inflation,0.03517598150927846,0.9584186897171765,10,0.0017825311942959,Negative,0.7009387612342834
growth reasonable valuation,0.03517598150927846,0.6524480362189333,10,0.0017825311942959,Positive,0.9999632835388184
growth rate,0.03517598150927846,0.7886911683810951,10,0.0017825311942959,Neutral,0.9982427358627319
growth keeping,0.03517598150927846,0.5528944698648054,10,0.0017825311942959,Positive,0.9887068271636963
growth reasonable,0.03517598150927846,0.6130504177796943,10,0.0017825311942959,Positive,0.9998106360435486
policy risk,0.03517598150927846,0.2971757924395232,10,0.0017825311942959,Negative,0.7324999570846558
growth elevated,0.03517598150927846,0.5516796739743625,10,0.0017825311942959,Neutral,0.4895571768283844
growth euro zone,0.03517598150927846,0.5851681928507246,10,0.0017825311942959,Positive,0.9512704014778137
inflationary pressure,0.03517598150927846,0.7738217092569606,10,0.0017825311942959,Negative,0.9996022582054138
historical norm,0.03517598150927846,0.2752644339465236,10,0.0017825311942959,Neutral,0.9998553991317749
forecast point,0.03517598150927846,0.4271819883457106,10,0.0017825311942959,Neutral,0.9999326467514038
global inflation,0.03517598150927846,0.8470964555037486,10,0.0017825311942959,Neutral,0.7621875405311584
pace slowdown,0.03517598150927846,0.3844429351302464,10,0.0017825311942959,Negative,0.9671252965927124
overweight equity,0.03517598150927846,0.2625303226533381,10,0.0017825311942959,Positive,0.9981149435043335
europe asia,0.03517598150927846,0.09473303907738162,10,0.0017825311942959,Neutral,0.9994437098503113
fiscal spending,0.03517598150927846,0.5933151541880981,10,0.0017825311942959,Neutral,0.9999632835388184
small cap,0.03517598150927846,0.2604006000988782,10,0.0017825311942959,Neutral,0.9998158812522888
currency dollar,0.03517598150927846,0.5059468413010553,10,0.0017825311942959,Neutral,0.9997639060020447
tightening gradual,0.03517598150927846,0.32409884499027164,10,0.0017825311942959,Neutral,0.7656617760658264
supply chain problem,0.03517598150927846,0.28350350215668185,10,0.0017825311942959,Negative,0.9999970197677612
equity investor,0.03517598150927846,0.11458256007119039,10,0.0017825311942959,Neutral,0.9992795586585999
base metal,0.034178145065468915,0.20170109650283685,9,0.0016042780748663102,Neutral,0.9975659847259521
bond equity,0.03343372390610189,0.22977514125815598,7,0.0012477718360071302,Neutral,0.9991269707679749
growth equity,0.032777097908021885,0.494868338432936,8,0.00142602495543672,Neutral,0.9913342595100403
input cost,0.032777097908021885,0.4635094418253422,9,0.0016042780748663102,Neutral,0.9939109086990356
policy equity,0.032777097908021885,0.19302393956430922,8,0.00142602495543672,Neutral,0.9990936517715454
risky asset,0.03218972593746174,0.14483228167048012,9,0.0016042780748663102,Negative,0.8116026520729065
several major,0.03218972593746174,0.09348288131475757,9,0.0016042780748663102,Neutral,0.9635045528411865
weak china,0.03218972593746174,0.20121762834077822,9,0.0016042780748663102,Negative,0.9999970197677612
behind curve,0.03218972593746174,0.2723962809913502,9,0.0016042780748663102,Neutral,0.9992485642433167
supportive equity,0.03218972593746174,0.1427061932494172,9,0.0016042780748663102,Neutral,0.994462788105011
china credit,0.03218972593746174,0.18825824818635706,9,0.0016042780748663102,Neutral,0.9968818426132202
real return,0.03218972593746174,0.2903130840581084,9,0.0016042780748663102,Neutral,0.9562152624130249
recovery pandemic,0.03218972593746174,0.1246678178658665,9,0.0016042780748663102,Negative,0.8396415114402771
return equity,0.03218972593746174,0.22048492797863026,9,0.0016042780748663102,Neutral,0.9976765513420105
rising rate,0.03218972593746174,0.6761536230987691,9,0.0016042780748663102,Neutral,0.9103773832321167
slower earnings,0.03218972593746174,0.48769981027487985,9,0.0016042780748663102,Negative,0.9997418522834778
slower growth,0.03218972593746174,0.6438397765163326,9,0.0016042780748663102,Negative,0.9998852014541626
several major bank,0.03218972593746174,0.2500403533064919,9,0.0016042780748663102,Neutral,0.9993869066238403
slowdown china,0.03218972593746174,0.3645327241455488,9,0.0016042780748663102,Neutral,0.8853384256362915
downward pressure,0.03218972593746174,0.2514736720137749,9,0.0016042780748663102,Negative,0.9999135732650757
dollar strength,0.03218972593746174,0.5068849140050334,9,0.0016042780748663102,Positive,0.9999998807907104
developed china,0.03218972593746174,0.2573486051015082,9,0.0016042780748663102,Neutral,0.9973391890525818
ending dollar,0.03218972593746174,0.4383063850227634,9,0.0016042780748663102,Neutral,0.9999445676803589
price rise,0.03218972593746174,0.6186900002882942,9,0.0016042780748663102,Positive,0.8401371240615845
equity perform,0.03218972593746174,0.14831991769547523,9,0.0016042780748663102,Positive,0.8567532300949097
equity attractive,0.03218972593746174,0.19815858370607006,9,0.0016042780748663102,Positive,0.9999812841415405
energy transition,0.03218972593746174,0.4189520381706981,9,0.0016042780748663102,Neutral,0.9954404830932617
fed policy,0.03218972593746174,0.46104426724313763,9,0.0016042780748663102,Neutral,0.9987772107124329
interest rate rise,0.03218972593746174,0.7170141191546762,9,0.0016042780748663102,Positive,0.6341133117675781
monetary fiscal policy,0.03218972593746174,0.6899055667456955,9,0.0016042780748663102,Neutral,0.9981149435043335
inflation transitory,0.03218972593746174,0.755868341541233,9,0.0016042780748663102,Neutral,0.9580314755439758
inflation problem,0.03218972593746174,0.8905162444937396,9,0.0016042780748663102,Negative,0.9998971223831177
forecast treasury,0.03218972593746174,0.5101776631510541,9,0.0016042780748663102,Neutral,0.9999834299087524
french presidential,0.03218972593746174,0.17008307838629674,9,0.0016042780748663102,Neutral,0.9935424327850342
european equity perform,0.03218972593746174,0.1665798762404292,9,0.0016042780748663102,Neutral,0.5783604979515076
inflation policy,0.03218972593746174,0.8414041080742078,9,0.0016042780748663102,Neutral,0.9988565444946289
french presidential election,0.03218972593746174,0.18345925347683859,9,0.0016042780748663102,Neutral,0.9813781976699829
hike credit,0.03218972593746174,0.2940653891849895,9,0.0016042780748663102,Neutral,0.5946066379547119
active management,0.03218972593746174,0.1551235395268511,9,0.0016042780748663102,Neutral,0.9926275610923767
attractive yield,0.03218972593746174,0.448607964073157,9,0.0016042780748663102,Positive,1.0
asset return,0.03218972593746174,0.2688868036330918,9,0.0016042780748663102,Neutral,0.9911585450172424
asset purchase,0.03218972593746174,0.21405539505997304,9,0.0016042780748663102,Neutral,0.9827924370765686
allow inflation,0.03218972593746174,0.8601248947396012,9,0.0016042780748663102,Neutral,0.9131048917770386
worse outcome,0.03204794362181906,0.20922085585725986,8,0.00142602495543672,Negative,0.999417781829834
rest world,0.03204794362181906,0.0,8,0.00142602495543672,Neutral,0.9992421865463257
earnings expectation,0.03114445886720377,0.32995487773318455,8,0.00142602495543672,Neutral,0.8500227928161621
vaccination rate,0.03114445886720377,0.4079911183941157,8,0.00142602495543672,Neutral,0.9999078512191772
northern trust,0.03114445886720377,0.08413132663876205,8,0.00142602495543672,Neutral,0.9980449676513672
equity forecast,0.0297188656943128,0.3164144803423935,7,0.0012477718360071302,Neutral,0.9859893321990967
policy fiscal,0.0297188656943128,0.5094064602781998,7,0.0012477718360071302,Neutral,0.9997298121452332
growth surprise,0.0291351981404639,0.532040882733005,8,0.00142602495543672,Positive,0.9999969005584717
business cycle,0.0291351981404639,0.42048523446151453,8,0.00142602495543672,Neutral,0.999561607837677
growth compared,0.0291351981404639,0.6607270055328699,8,0.00142602495543672,Neutral,0.9996236562728882
growth solid,0.0291351981404639,0.44459886943768323,8,0.00142602495543672,Positive,1.0
yield yield,0.0291351981404639,0.5118459981257755,8,0.00142602495543672,Neutral,0.9998297691345215
aggressive tightening,0.0291351981404639,0.21985829503914076,8,0.00142602495543672,Negative,0.5135342478752136
stimulus fade,0.0291351981404639,0.2723102039246389,8,0.00142602495543672,Neutral,0.9455441832542419
slower pace,0.0291351981404639,0.3193044805413048,8,0.00142602495543672,Negative,0.6034806370735168
stock picking,0.0291351981404639,0.28920332196969745,8,0.00142602495543672,Neutral,0.9556072354316711
chain pressure,0.0291351981404639,0.26349563540335696,8,0.00142602495543672,Negative,0.9604983925819397
couple year,0.0291351981404639,0.24774767653108584,8,0.00142602495543672,Neutral,0.9998300075531006
risk stagflation,0.0291351981404639,0.3743372976757547,8,0.00142602495543672,Neutral,0.9361558556556702
china euro,0.0291351981404639,0.3808466364932739,8,0.00142602495543672,Neutral,0.9995449185371399
china investor,0.0291351981404639,0.1772930960025694,8,0.00142602495543672,Neutral,0.9991716146469116
global gdp growth,0.0291351981404639,0.7162170971300397,8,0.00142602495543672,Neutral,0.9471051692962646
global financials,0.0291351981404639,0.34559655467083694,8,0.00142602495543672,Neutral,0.9780006408691406
global pandemic,0.0291351981404639,0.2287198300654971,8,0.00142602495543672,Negative,0.8113941550254822
zone grow,0.0291351981404639,0.23246898346954564,8,0.00142602495543672,Positive,0.9999661445617676
canadian dollar,0.0291351981404639,0.4427043751743207,8,0.00142602495543672,Neutral,0.9993582367897034
supply chain pressure,0.0291351981404639,0.36562289668805303,8,0.00142602495543672,Negative,0.9999867677688599
bond purchase,0.0291351981404639,0.26519152316964945,8,0.00142602495543672,Neutral,0.9965084195137024
growth china,0.0291351981404639,0.5370776749519759,8,0.00142602495543672,Positive,0.9994564652442932
earnings cycle,0.0291351981404639,0.4766378274188719,8,0.00142602495543672,Neutral,0.9999686479568481
cyclical part,0.0291351981404639,0.2097192623881706,8,0.00142602495543672,Neutral,0.9859417080879211
secular bull,0.0291351981404639,0.22050363674946252,8,0.00142602495543672,Positive,0.9746719598770142
derail recovery,0.0291351981404639,0.11437109910012327,8,0.00142602495543672,Negative,0.9642907381057739
inflation bank,0.0291351981404639,0.7459002031992319,8,0.00142602495543672,Neutral,0.9932827949523926
inflation concern,0.0291351981404639,0.894724896549528,8,0.00142602495543672,Negative,0.9960578680038452
pricing power,0.0291351981404639,0.5352377413723866,8,0.00142602495543672,Positive,0.9999991655349731
rate policy,0.0291351981404639,0.5496391832632787,8,0.00142602495543672,Neutral,0.9998594522476196
point point,0.0291351981404639,0.19255137160054156,8,0.00142602495543672,Neutral,0.9999043941497803
forecast global,0.0291351981404639,0.39287731544371196,8,0.00142602495543672,Neutral,0.9901255369186401
move toward,0.0291351981404639,0.1501973814376162,8,0.00142602495543672,Neutral,0.999228835105896
euro yen,0.0291351981404639,0.3736230937771817,8,0.00142602495543672,Neutral,0.9999613761901855
euro zone grow,0.0291351981404639,0.38515524261570905,8,0.00142602495543672,Positive,0.9999868869781494
fiscal stimulus,0.0291351981404639,0.45612345171406,8,0.00142602495543672,Neutral,0.9054205417633057
japan global,0.0291351981404639,0.16169429626240844,8,0.00142602495543672,Neutral,0.9914612770080566
diversification benefit,0.0291351981404639,0.22453411900818576,8,0.00142602495543672,Positive,0.9999997615814209
japanese equity,0.0291351981404639,0.18733208411333097,8,0.00142602495543672,Neutral,0.9998204112052917
last couple,0.0291351981404639,0.0816986154400211,8,0.00142602495543672,Neutral,0.9602123498916626
gain yield,0.0291351981404639,0.44467502610717863,8,0.00142602495543672,Neutral,0.9958316683769226
last couple year,0.0291351981404639,0.2198715646330897,8,0.00142602495543672,Neutral,0.9996253252029419
inflation yield,0.0291351981404639,0.9065002782192704,8,0.00142602495543672,Neutral,0.9997962117195129
inflationary expectation,0.0291351981404639,0.685100548852313,8,0.00142602495543672,Neutral,0.7727752327919006
favor equity,0.0291351981404639,0.14816251068356318,8,0.00142602495543672,Neutral,0.9913568496704102
inflation winter,0.0291351981404639,0.8073499998919138,8,0.00142602495543672,Neutral,0.9864387512207031
fed tightening,0.0291351981404639,0.402953958114382,8,0.00142602495543672,Negative,0.772811233997345
treasury curve,0.0291351981404639,0.5197688480895669,8,0.00142602495543672,Neutral,0.9999901056289673
bad news,0.0291351981404639,0.21058025920454704,8,0.00142602495543672,Negative,0.9999767541885376
barrel gold,0.0291351981404639,0.2234966359811056,8,0.00142602495543672,Neutral,0.9997579455375671
bank policy,0.0291351981404639,0.41819721272994004,8,0.00142602495543672,Neutral,0.9998019337654114
volatile equity,0.0291351981404639,0.2664381012777623,8,0.00142602495543672,Negative,0.5860129594802856
asset price,0.0291351981404639,0.390679383225969,8,0.00142602495543672,Neutral,0.9998904466629028
yield yield curve,0.0291351981404639,0.5302619515227877,8,0.00142602495543672,Neutral,0.9999877214431763
inflation peak,0.0272514015088033,0.8531967659837487,7,0.0012477718360071302,Neutral,0.8720483183860779
bearish equity,0.0260040074825237,0.1699271780162,7,0.0012477718360071302,Neutral,0.7312648296356201
attractive valuation,0.0260040074825237,0.39706888551026276,7,0.0012477718360071302,Positive,1.0
battle covid supply,0.0260040074825237,0.24659638218066268,7,0.0012477718360071302,Neutral,0.9997230172157288
weak china outlier,0.0260040074825237,0.28942331908882557,7,0.0012477718360071302,Negative,0.9999376535415649
volatile bearish equity,0.0260040074825237,0.2546660098041471,7,0.0012477718360071302,Negative,0.9960960745811462
volatile bearish,0.0260040074825237,0.09458792070757366,7,0.0012477718360071302,Negative,0.9997323155403137
weigh gdp,0.0260040074825237,0.6352236025860262,7,0.0012477718360071302,Neutral,0.9632797241210938
valuation worsen,0.0260040074825237,0.4510277557949847,7,0.0012477718360071302,Negative,0.9999619722366333
uncertainty surrounding change,0.0260040074825237,0.3123133101573266,7,0.0012477718360071302,Negative,0.6305744647979736
turn rising inflation,0.0260040074825237,0.8740007665719063,7,0.0012477718360071302,Negative,0.8647872805595398
turn rising,0.0260040074825237,0.31568332550960826,7,0.0012477718360071302,Neutral,0.9763669371604919
weigh gdp main,0.0260040074825237,0.5810094318897292,7,0.0012477718360071302,Neutral,0.9937547445297241
bank inflation,0.0260040074825237,0.8737959948588611,7,0.0012477718360071302,Neutral,0.9641108512878418
asset equity,0.0260040074825237,0.1564997665077753,7,0.0012477718360071302,Neutral,0.999687671661377
although china struggle,0.0260040074825237,0.15335456455152557,7,0.0012477718360071302,Negative,0.9999420642852783
battle covid,0.0260040074825237,0.14009941449225954,7,0.0012477718360071302,Neutral,0.9984877109527588
barrel gold appreciate,0.0260040074825237,0.2311840019419707,7,0.0012477718360071302,Neutral,0.9944220185279846
bank send interest,0.0260040074825237,0.4712226184730188,7,0.0012477718360071302,Neutral,0.9996167421340942
bank send,0.0260040074825237,0.3022513570855656,7,0.0012477718360071302,Neutral,0.9992737174034119
treasury ending dollar,0.0260040074825237,0.4858687445557627,7,0.0012477718360071302,Neutral,0.9999946355819702
treasury ending,0.0260040074825237,0.3445243294536831,7,0.0012477718360071302,Neutral,0.9999879598617554
towards top europe,0.0260040074825237,0.16537121673757654,7,0.0012477718360071302,Neutral,0.9995552897453308
towards top,0.0260040074825237,0.041873432645128605,7,0.0012477718360071302,Neutral,0.995072066783905
include plenty reversal,0.0260040074825237,0.11933915926098948,7,0.0012477718360071302,Neutral,0.7012067437171936
include plenty,0.0260040074825237,0.20594728067163973,7,0.0012477718360071302,Neutral,0.9958481788635254
implies profit growth,0.0260040074825237,0.5635551202040553,7,0.0012477718360071302,Positive,0.99430251121521
implies profit,0.0260040074825237,0.31879693947324794,7,0.0012477718360071302,Neutral,0.7546650171279907
gold appreciate,0.0260040074825237,0.21912423432946054,7,0.0012477718360071302,Neutral,0.5992713570594788
fed rate hike,0.0260040074825237,0.681516691820837,7,0.0012477718360071302,Positive,0.8262153267860413
fed rate,0.0260040074825237,0.6588699195371439,7,0.0012477718360071302,Neutral,0.9997268319129944
inflation prove,0.0260040074825237,0.830757815189078,7,0.0012477718360071302,Neutral,0.8708567023277283
inflation predicted consensus,0.0260040074825237,0.6965415477624604,7,0.0012477718360071302,Neutral,0.9999849796295166
inflation predicted,0.0260040074825237,0.844528604668968,7,0.0012477718360071302,Neutral,0.9993476271629333
gdp growth weak,0.0260040074825237,0.6952988050140205,7,0.0012477718360071302,Negative,0.9999960660934448
gdp decelerate fed,0.0260040074825237,0.6742880451070026,7,0.0012477718360071302,Negative,0.9626438021659851
gdp decelerate,0.0260040074825237,0.618397121856961,7,0.0012477718360071302,Negative,0.9709501266479492
fully recovered pandemic,0.0260040074825237,0.13304799921586258,7,0.0012477718360071302,Neutral,0.9727180004119873
fully recovered,0.0260040074825237,0.04712661298341053,7,0.0012477718360071302,Neutral,0.9950397610664368
valuation worsen uncertainty,0.0260040074825237,0.42487886513407924,7,0.0012477718360071302,Negative,0.9997245669364929
lower earnings,0.0260040074825237,0.4183592675228027,7,0.0012477718360071302,Negative,0.9999401569366455
liquidity provision,0.0260040074825237,0.43880320480992185,7,0.0012477718360071302,Neutral,0.9294063448905945
japan although,0.0260040074825237,0.08289363121409471,7,0.0012477718360071302,Neutral,0.9252240061759949
japan although china,0.0260040074825237,0.09203900409748933,7,0.0012477718360071302,Neutral,0.9799897074699402
investor attention,0.0260040074825237,0.2508416525243891,7,0.0012477718360071302,Neutral,0.9985517859458923
investment horizon,0.0260040074825237,0.33551460934450905,7,0.0012477718360071302,Neutral,0.9992413520812988
international equity,0.0260040074825237,0.20667447719328208,7,0.0012477718360071302,Neutral,0.9961017370223999
investor want,0.0260040074825237,0.20506292342444304,7,0.0012477718360071302,Neutral,0.9955441355705261
interest rate global,0.0260040074825237,0.5718933829856955,7,0.0012477718360071302,Neutral,0.9993107318878174
fiscal drag,0.0260040074825237,0.6439667323305136,7,0.0012477718360071302,Neutral,0.9994868040084839
europe emerging,0.0260040074825237,0.2488072858134641,7,0.0012477718360071302,Neutral,0.9936228394508362
euro zone equity,0.0260040074825237,0.2281042712196281,7,0.0012477718360071302,Neutral,0.9993860721588135
euro yen swiss,0.0260040074825237,0.3621722068418292,7,0.0012477718360071302,Neutral,0.9999765157699585
equity world continues,0.0260040074825237,0.16175126109281127,7,0.0012477718360071302,Positive,0.9995900988578796
equity world,0.0260040074825237,0.1260109327440419,7,0.0012477718360071302,Neutral,0.9991829991340637
interest rate hike,0.0260040074825237,0.6341705570063296,7,0.0012477718360071302,Positive,0.9985364675521851
make volatile,0.0260040074825237,0.16659960860946085,7,0.0012477718360071302,Negative,0.8006150722503662
make progress battle,0.0260040074825237,0.09291928950817557,7,0.0012477718360071302,Positive,0.9999065399169922
make progress,0.0260040074825237,0.1710868562602738,7,0.0012477718360071302,Positive,0.9999932050704956
major bank send,0.0260040074825237,0.29785886836187486,7,0.0012477718360071302,Neutral,0.998019814491272
main economy scenario,0.0260040074825237,0.42548339047964034,7,0.0012477718360071302,Neutral,0.7575510144233704
main economy,0.0260040074825237,0.33559443179851345,7,0.0012477718360071302,Neutral,0.9766287207603455
lower earnings growth,0.0260040074825237,0.6318555311983202,7,0.0012477718360071302,Negative,0.9999945163726807
economy scenario growth,0.0260040074825237,0.7307472847919081,7,0.0012477718360071302,Neutral,0.8705780506134033
economy scenario,0.0260040074825237,0.4907403090299962,7,0.0012477718360071302,Neutral,0.8069469928741455
economist strategist predict,0.0260040074825237,0.4756863776240686,7,0.0012477718360071302,Neutral,0.999896764755249
plenty reversal,0.0260040074825237,0.1231361369382647,7,0.0012477718360071302,Neutral,0.5319196581840515
peak barrel gold,0.0260040074825237,0.2768038773692788,7,0.0012477718360071302,Neutral,0.9998946189880371
peak barrel,0.0260040074825237,0.2153124801546671,7,0.0012477718360071302,Neutral,0.999735414981842
overweight europe,0.0260040074825237,0.26105007317228307,7,0.0012477718360071302,Neutral,0.7543654441833496
outlier inflation predicted,0.0260040074825237,0.7865802456362111,7,0.0012477718360071302,Neutral,0.9998844861984253
make volatile bearish,0.0260040074825237,0.13531132545623542,7,0.0012477718360071302,Negative,0.995206892490387
outlier inflation,0.0260040074825237,0.8000325519827112,7,0.0012477718360071302,Neutral,0.934020459651947
oil peak barrel,0.0260040074825237,0.24029302252707826,7,0.0012477718360071302,Neutral,0.9999130964279175
oil oil peak,0.0260040074825237,0.26468672190258763,7,0.0012477718360071302,Neutral,0.9981704950332642
oil peak,0.0260040074825237,0.25892531336938474,7,0.0012477718360071302,Neutral,0.9974936246871948
europe towards bottom,0.0260040074825237,0.11663575369922713,7,0.0012477718360071302,Negative,0.5209507346153259
europe towards,0.0260040074825237,0.1293748081814587,7,0.0012477718360071302,Neutral,0.9979121088981628
prevailing combination,0.0260040074825237,0.05803633925856638,7,0.0012477718360071302,Neutral,0.9998974800109863
oil oil,0.0260040074825237,0.1662143176439426,7,0.0012477718360071302,Neutral,0.9983077049255371
predicted consensus gdp,0.0260040074825237,0.4428484654636617,7,0.0012477718360071302,Neutral,0.9999039173126221
predicted consensus,0.0260040074825237,0.2115111747473739,7,0.0012477718360071302,Neutral,0.999967098236084
predict robust gdp,0.0260040074825237,0.5431477422252923,7,0.0012477718360071302,Neutral,0.9430547952651978
predict robust,0.0260040074825237,0.2725402655683008,7,0.0012477718360071302,Neutral,0.960010826587677
policy normalization weigh,0.0260040074825237,0.3157683030289918,7,0.0012477718360071302,Neutral,0.9823808670043945
policy maker,0.0260040074825237,0.20903156731422817,7,0.0012477718360071302,Neutral,0.9998018145561218
plenty reversal several,0.0260040074825237,0.09470079359181666,7,0.0012477718360071302,Neutral,0.7024607062339783
pressuring margin,0.0260040074825237,0.1345554630141484,7,0.0012477718360071302,Negative,0.8871638774871826
head lower earnings,0.0260040074825237,0.3648685615403281,7,0.0012477718360071302,Negative,0.9998753070831299
head lower,0.0260040074825237,0.1435588522199786,7,0.0012477718360071302,Neutral,0.9948691129684448
hamstrung supply chain,0.0260040074825237,0.22039446578704971,7,0.0012477718360071302,Neutral,0.9989111423492432
head demandsupply imbalance,0.0260040074825237,0.29206914415984964,7,0.0012477718360071302,Neutral,0.8856051564216614
hamstrung supply,0.0260040074825237,0.24645952656208275,7,0.0012477718360071302,Neutral,0.9952736496925354
forecast treasury ending,0.0260040074825237,0.4383677713332903,7,0.0012477718360071302,Neutral,0.9999914169311523
forecast growth euro,0.0260040074825237,0.6710411063438431,7,0.0012477718360071302,Neutral,0.9876636862754822
forecast growth,0.0260040074825237,0.6961672535819601,7,0.0012477718360071302,Positive,0.5150120258331299
inflation hedge,0.0260040074825237,0.6744367217834001,7,0.0012477718360071302,Neutral,0.9499147534370422
inflation dynamic,0.0260040074825237,0.9059416475298325,7,0.0012477718360071302,Neutral,0.9934688806533813
industrials benefit,0.0260040074825237,0.27105472261295993,7,0.0012477718360071302,Positive,0.9999995231628418
increase yield,0.0260040074825237,0.6138212505341267,7,0.0012477718360071302,Positive,0.9999978542327881
equity bond,0.0260040074825237,0.20048312441750646,7,0.0012477718360071302,Neutral,0.9996411800384521
eps growth,0.0260040074825237,0.5983662837618926,7,0.0012477718360071302,Neutral,0.8759799003601074
ending dollar oil,0.0260040074825237,0.3724934610187623,7,0.0012477718360071302,Neutral,0.9999786615371704
elevated volatility,0.0260040074825237,0.3968585805223298,7,0.0012477718360071302,Negative,0.9923404455184937
drag growth,0.0260040074825237,0.5670070923313962,7,0.0012477718360071302,Positive,0.9954115748405457
dollar supported,0.0260040074825237,0.5001965406873684,7,0.0012477718360071302,Neutral,0.9996775388717651
dollar oil oil,0.0260040074825237,0.4160225263659094,7,0.0012477718360071302,Neutral,0.9998971223831177
dollar oil,0.0260040074825237,0.4174879227653619,7,0.0012477718360071302,Neutral,0.9997712969779968
developed emerging,0.0260040074825237,0.2579451393122301,7,0.0012477718360071302,Neutral,0.994642972946167
developed currency,0.0260040074825237,0.5352365505375699,7,0.0012477718360071302,Neutral,0.9998371601104736
range china,0.0260040074825237,0.13112772179218174,7,0.0012477718360071302,Neutral,0.9996447563171387
prospect forecast growth,0.0260040074825237,0.5252635382101118,7,0.0012477718360071302,Positive,0.5939112305641174
prospect forecast,0.0260040074825237,0.3481275889588988,7,0.0012477718360071302,Neutral,0.9949457049369812
progress battle covid,0.0260040074825237,0.17371715716834915,7,0.0012477718360071302,Neutral,0.9951670169830322
progress battle,0.0260040074825237,0.07880553622570124,7,0.0012477718360071302,Neutral,0.9226735830307007
profit margin,0.0260040074825237,0.31099199981077835,7,0.0012477718360071302,Neutral,0.7970952987670898
profit growth rising,0.0260040074825237,0.6567571728030459,7,0.0012477718360071302,Positive,0.9999995231628418
prevailing combination booming,0.0260040074825237,0.19951496361263285,7,0.0012477718360071302,Neutral,0.9774565100669861
reasonably optimistic,0.0260040074825237,0.24326517722534735,7,0.0012477718360071302,Positive,0.9999878406524658
reason optimism country,0.0260040074825237,0.2108859554715993,7,0.0012477718360071302,Neutral,0.9965683221817017
reason optimism,0.0260040074825237,0.24569462604904937,7,0.0012477718360071302,Positive,0.9734854698181152
rate volatility,0.0260040074825237,0.47549777991729114,7,0.0012477718360071302,Neutral,0.9741840362548828
rate hike forecast,0.0260040074825237,0.5985271690184412,7,0.0012477718360071302,Positive,0.9999785423278809
rate growth,0.0260040074825237,0.8008041576520044,7,0.0012477718360071302,Neutral,0.9912590384483337
rate global growth,0.0260040074825237,0.7389636054912846,7,0.0012477718360071302,Positive,0.9060819149017334
rate global,0.0260040074825237,0.5288138981555255,7,0.0012477718360071302,Neutral,0.9988547563552856
rate currency,0.0260040074825237,0.641259142382778,7,0.0012477718360071302,Neutral,0.9984627962112427
rate bund,0.0260040074825237,0.42530582020726365,7,0.0012477718360071302,Neutral,0.9999594688415527
range china towards,0.0260040074825237,0.1714113974605641,7,0.0012477718360071302,Neutral,0.999967098236084
economist strategist,0.0260040074825237,0.40114756077375857,7,0.0012477718360071302,Neutral,0.999634861946106
earnings growth roll,0.0260040074825237,0.5729928373186566,7,0.0012477718360071302,Positive,0.997820258140564
demand supply,0.0260040074825237,0.5408283118630663,7,0.0012477718360071302,Neutral,0.9992524981498718
demand hamstrung supply,0.0260040074825237,0.48459228657766285,7,0.0012477718360071302,Neutral,0.997710108757019
demand hamstrung,0.0260040074825237,0.29397137314213767,7,0.0012477718360071302,Neutral,0.99173903465271
defensive stock,0.0260040074825237,0.10414389804118496,7,0.0012477718360071302,Neutral,0.6552548408508301
defensive sector,0.0260040074825237,0.08365786056978536,7,0.0012477718360071302,Positive,0.9084637761116028
decelerate fed rate,0.0260040074825237,0.5564652464537302,7,0.0012477718360071302,Negative,0.5344014763832092
decelerate fed,0.0260040074825237,0.37700639160326377,7,0.0012477718360071302,Negative,0.7300981879234314
cyclical sector,0.0260040074825237,0.37469876763872534,7,0.0012477718360071302,Negative,0.5009622573852539
currency volatility,0.0260040074825237,0.503972925020632,7,0.0012477718360071302,Neutral,0.6827695369720459
return based,0.0260040074825237,0.19133179226269473,7,0.0012477718360071302,Neutral,0.9997838139533997
reinforced gradual policy,0.0260040074825237,0.27410495809912916,7,0.0012477718360071302,Positive,0.9966146349906921
reinforced gradual,0.0260040074825237,0.23542494565050998,7,0.0012477718360071302,Positive,0.9999698400497437
recovered pandemic,0.0260040074825237,0.15108853350330886,7,0.0012477718360071302,Neutral,0.9813993573188782
reasonably optimistic growth,0.0260040074825237,0.5602135035545651,7,0.0012477718360071302,Positive,0.999997615814209
country fully recovered,0.0260040074825237,0.11220965726925974,7,0.0012477718360071302,Neutral,0.9913359880447388
country fully,0.0260040074825237,0.07767390297094418,7,0.0012477718360071302,Neutral,0.9998723268508911
cost pressuring margin,0.0260040074825237,0.26436233085996497,7,0.0012477718360071302,Negative,0.9926645159721375
cost pressuring,0.0260040074825237,0.25965850497377674,7,0.0012477718360071302,Positive,0.5716050267219543
corporate credit spread,0.0260040074825237,0.2958654147808075,7,0.0012477718360071302,Neutral,0.9993575215339661
continues make progress,0.0260040074825237,0.16120023861916485,7,0.0012477718360071302,Positive,0.9999971389770508
combination booming good,0.0260040074825237,0.1609531761410893,7,0.0012477718360071302,Positive,0.9999936819076538
rising cost pressuring,0.0260040074825237,0.41662147790862225,7,0.0012477718360071302,Negative,0.780117928981781
rise yield,0.0260040074825237,0.5835389935022837,7,0.0012477718360071302,Neutral,0.8536800146102905
reverse helping turn,0.0260040074825237,0.08993630030243205,7,0.0012477718360071302,Neutral,0.487752765417099
reverse helping,0.0260040074825237,0.05436013442355708,7,0.0012477718360071302,Positive,0.9081430435180664
reversal several major,0.0260040074825237,0.11452313185710594,7,0.0012477718360071302,Negative,0.8778208494186401
reversal several,0.0260040074825237,0.0696064352348098,7,0.0012477718360071302,Negative,0.7120628952980042
demandsupply imbalance reinforced,0.0260040074825237,0.24129787360467464,7,0.0012477718360071302,Neutral,0.5162379741668701
demandsupply imbalance,0.0260040074825237,0.3351320072153491,7,0.0012477718360071302,Neutral,0.9067954421043396
shock come,0.0260040074825237,0.21395762535037996,7,0.0012477718360071302,Neutral,0.9885186553001404
send interest rate,0.0260040074825237,0.5362351647437406,7,0.0012477718360071302,Neutral,0.9991022348403931
send interest,0.0260040074825237,0.36377763200732477,7,0.0012477718360071302,Neutral,0.9902307391166687
selected commodity,0.0260040074825237,0.24851226995807815,7,0.0012477718360071302,Neutral,0.9996774196624756
scenario growth range,0.0260040074825237,0.5957448926728619,7,0.0012477718360071302,Neutral,0.9990573525428772
scenario growth,0.0260040074825237,0.5971157441422528,7,0.0012477718360071302,Neutral,0.9559726119041443
roll valuation worsen,0.0260040074825237,0.41935109510659385,7,0.0012477718360071302,Negative,0.9999792575836182
roll valuation,0.0260040074825237,0.37272545555154796,7,0.0012477718360071302,Neutral,0.9999759197235107
robust gdp growth,0.0260040074825237,0.7163523577029078,7,0.0012477718360071302,Positive,1.0
robust gdp,0.0260040074825237,0.5618394680626069,7,0.0012477718360071302,Positive,1.0
growth albeit,0.0260040074825237,0.49112491357653254,7,0.0012477718360071302,Positive,0.9815241694450378
gradual policy normalization,0.0260040074825237,0.26879127405569536,7,0.0012477718360071302,Positive,0.8118361830711365
gradual policy,0.0260040074825237,0.32228935805603104,7,0.0012477718360071302,Neutral,0.9283812642097473
good demand hamstrung,0.0260040074825237,0.2844336839728786,7,0.0012477718360071302,Positive,0.9999426603317261
global growth head,0.0260040074825237,0.46636162223843974,7,0.0012477718360071302,Neutral,0.9898681640625
global bond,0.0260040074825237,0.27535334597139915,7,0.0012477718360071302,Neutral,0.9980754852294922
gdp main economy,0.0260040074825237,0.5342078293808343,7,0.0012477718360071302,Neutral,0.9992172718048096
gdp main,0.0260040074825237,0.47135137565888896,7,0.0012477718360071302,Neutral,0.9998959302902222
imbalance reinforced gradual,0.0260040074825237,0.2748187735051939,7,0.0012477718360071302,Positive,0.9991506338119507
imbalance reinforced,0.0260040074825237,0.19440764148378847,7,0.0012477718360071302,Positive,0.8155525326728821
hike forecast treasury,0.0260040074825237,0.5160696463710766,7,0.0012477718360071302,Positive,0.5832249522209167
hike forecast,0.0260040074825237,0.3544697387695546,7,0.0012477718360071302,Positive,0.9999918937683105
risk rate,0.0260040074825237,0.4142114383632043,7,0.0012477718360071302,Neutral,0.9921240210533142
covid supply chain,0.0260040074825237,0.27733765971480545,7,0.0012477718360071302,Neutral,0.9997708201408386
covid supply,0.0260040074825237,0.34099514499618483,7,0.0012477718360071302,Neutral,0.9995734095573425
change policy,0.0260040074825237,0.26477235586416303,7,0.0012477718360071302,Neutral,0.9959639310836792
change make volatile,0.0260040074825237,0.20438268383828267,7,0.0012477718360071302,Negative,0.9643946886062622
change make,0.0260040074825237,0.2354603375851064,7,0.0012477718360071302,Neutral,0.9901909828186035
chain head demandsupply,0.0260040074825237,0.22927425677049262,7,0.0012477718360071302,Neutral,0.9996035695075989
chain head,0.0260040074825237,0.11524612279068536,7,0.0012477718360071302,Neutral,0.9992761015892029
strategist predict robust,0.0260040074825237,0.28533855458923146,7,0.0012477718360071302,Positive,0.9854134321212769
strategist predict,0.0260040074825237,0.2857811419542546,7,0.0012477718360071302,Neutral,0.9973998069763184
specific risk,0.0260040074825237,0.20615978049784206,7,0.0012477718360071302,Negative,0.9879735708236694
skewed downside,0.0260040074825237,0.2501592423388064,7,0.0012477718360071302,Negative,0.9103701114654541
significant risk,0.0260040074825237,0.27666699963467,7,0.0012477718360071302,Negative,0.9990516304969788
target reason,0.0260040074825237,0.13596179678834203,7,0.0012477718360071302,Neutral,0.9985455274581909
surrounding change make,0.0260040074825237,0.22320959569723556,7,0.0012477718360071302,Neutral,0.9973673224449158
surrounding change,0.0260040074825237,0.22838547941296514,7,0.0012477718360071302,Neutral,0.9914484024047852
supply chain head,0.0260040074825237,0.19122630874786747,7,0.0012477718360071302,Neutral,0.9999711513519287
chain constraint reverse,0.0260040074825237,0.15753479351938562,7,0.0012477718360071302,Negative,0.9931267499923706
bottom implies profit,0.0260040074825237,0.23855306098821794,7,0.0012477718360071302,Positive,0.5450767278671265
bottom implies,0.0260040074825237,0.10656163633296606,7,0.0012477718360071302,Neutral,0.9916582703590393
booming good demand,0.0260040074825237,0.38576482456914596,7,0.0012477718360071302,Positive,0.9999998807907104
bofa economist strategist,0.0260040074825237,0.3901001380998531,7,0.0012477718360071302,Neutral,0.9958028197288513
bofa economist,0.0260040074825237,0.40424136551342954,7,0.0012477718360071302,Neutral,0.9969221949577332
beyond china,0.0260040074825237,0.12189892851319067,7,0.0012477718360071302,Neutral,0.9994070529937744
bearish equity world,0.0260040074825237,0.15107779842932495,7,0.0012477718360071302,Neutral,0.9860623478889465
although china,0.0260040074825237,0.10819949072917667,7,0.0012477718360071302,Negative,0.6405816078186035
growth rebounding,0.0260040074825237,0.5589533038792049,7,0.0012477718360071302,Positive,0.9999833106994629
growth prospect forecast,0.0260040074825237,0.5808263568792152,7,0.0012477718360071302,Neutral,0.5715927481651306
growth picture,0.0260040074825237,0.4258946936905665,7,0.0012477718360071302,Positive,0.9941956400871277
growth head lower,0.0260040074825237,0.4078315192082748,7,0.0012477718360071302,Negative,0.9998310804367065
growth head,0.0260040074825237,0.33802190597907844,7,0.0012477718360071302,Neutral,0.9983412027359009
growth fall,0.0260040074825237,0.6491540112651757,7,0.0012477718360071302,Neutral,0.5719491243362427
growth consumer,0.0260040074825237,0.559587584701023,7,0.0012477718360071302,Positive,0.938911497592926
booming good,0.0260040074825237,0.27035538197672904,7,0.0012477718360071302,Positive,0.9999904632568359
bond earnings,0.0260040074825237,0.359823278469865,7,0.0012477718360071302,Neutral,0.9972684383392334
combination booming,0.0260040074825237,0.1661566427023004,7,0.0012477718360071302,Neutral,0.770691454410553
chinese government bond,0.0260040074825237,0.31165545730338756,7,0.0012477718360071302,Neutral,0.9961722493171692
yield move,0.0260040074825237,0.4179405152729508,7,0.0012477718360071302,Neutral,0.9979155659675598
yield inflation,0.0260040074825237,0.8928070677797987,7,0.0012477718360071302,Neutral,0.9343045949935913
yen swiss franc,0.0260040074825237,0.3060142838402544,7,0.0012477718360071302,Neutral,0.9999682903289795
yen swiss,0.0260040074825237,0.23996365282910895,7,0.0012477718360071302,Neutral,0.9999611377716064
worsen uncertainty surrounding,0.0260040074825237,0.22573528551710356,7,0.0012477718360071302,Negative,0.9997865557670593
worsen uncertainty,0.0260040074825237,0.2455262007899751,7,0.0012477718360071302,Negative,0.9991994500160217
world continues make,0.0260040074825237,0.22042899431141857,7,0.0012477718360071302,Positive,0.9947801828384399
world continues,0.0260040074825237,0.16655853408360022,7,0.0012477718360071302,Positive,0.995970606803894
towards bottom implies,0.0260040074825237,0.08153530005355597,7,0.0012477718360071302,Neutral,0.9025072455406189
towards bottom,0.0260040074825237,0.0568087291684099,7,0.0012477718360071302,Neutral,0.9182111620903015
top europe towards,0.0260040074825237,0.12141468137786487,7,0.0012477718360071302,Neutral,0.9988284707069397
top europe,0.0260040074825237,0.12742863899697993,7,0.0012477718360071302,Neutral,0.9990392923355103
target reason optimism,0.0260040074825237,0.21600331693699612,7,0.0012477718360071302,Positive,0.9952458739280701
