Fecha;AUX/USD;J.P. Morgan;Goldman Sachs;UBS;Bank of America;HSBC;Citibank;Morgan Stanley;Standard Chartered;ANZ Bank;Societe Generale
2/01/2025;2.657,16;;;;;;;;;;
3/01/2025;2.639,12;;;;;;;;;;
6/01/2025;2.635,33;;;;;;;;;;
7/01/2025;2.649,49;;;;;;;;;;
8/01/2025;2.662,06;;;;;;;;;;
9/01/2025;2.670,19;;;;;;;;;;
10/01/2025;2.689,63;;;;;;;;;;
13/01/2025;2.662,12;;;;;;;;;;
14/01/2025;2.677,16;;;;;;;;;;
15/01/2025;2.695,82;;;;;;;;;;
16/01/2025;2.713,77;;;;;;;;;;
17/01/2025;2.701,55;;;;;;;;;;
20/01/2025;2.708,06;;;;;;;;;;
21/01/2025;2.744,39;;;;;;;;;;
22/01/2025;2.755,02;;;;;;;;;;
23/01/2025;2.753,69;;;;;;;;;;
24/01/2025;2.771,30;;;;;;;;;;
27/01/2025;2.741,10;;;;;;;;;;
28/01/2025;2.763,11;;;;;;;;;;
29/01/2025;2.757,71;;;;;;;;;;
30/01/2025;2.793,88;;;;;;;;;;
31/01/2025;2.801,00;;;;;;;;;;
3/02/2025;2.813,49;;;;;;;;;;
4/02/2025;2.841,94;;;;;;;;;;
5/02/2025;2.865,09;;;;;;;;;;
6/02/2025;2.856,50;;;;;;;;;;
7/02/2025;2.860,39;;;;;;;;;;
10/02/2025;2.907,34;;;;;;;;;;
11/02/2025;2.898,34;;;;;;;;;;
12/02/2025;2.903,66;;;;;;;;;;
13/02/2025;2.929,03;;;;;;;;;;
14/02/2025;2.883,18;;;;;;;;;;
17/02/2025;2.897,66;;;;;;;;;;
18/02/2025;2.935,58;;;;;;;;;;
19/02/2025;2.932,64;;;;;;;;;;
20/02/2025;2.938,70;;;;;;;;;;
21/02/2025;2.936,03;;;;;;;;;;
24/02/2025;2.951,19;;;;;;;;;;
25/02/2025;2.915,12;;;;;;;;;;
26/02/2025;2.916,19;;;;;;;;;;
27/02/2025;2.876,19;;;;;;;;;;
28/02/2025;2.858,60;;;;;;;;;;
3/03/2025;2.893,71;;;;;;;;;;
4/03/2025;2.917,49;;;;;;;;;;
5/03/2025;2.918,84;;;;;;;;;;
6/03/2025;2.909,99;;;;;;;;;;
7/03/2025;2.910,79;;;;;;;;;;
10/03/2025;2.889,40;;;;;;;;;;
11/03/2025;2.916,04;;;;;;;;;;
12/03/2025;2.932,06;;;;;;;;;;
13/03/2025;2.987,75;;;;;;;;;;
14/03/2025;2.984,42;;;;;;;;;;
17/03/2025;3.001,47;;;;;;;;;;
18/03/2025;3.033,95;;;;;;;;;;
19/03/2025;3.047,18;;;;;;;;;;
20/03/2025;3.044,41;;;;;;;;;;
21/03/2025;3.023,63;;;;;;;;;;
24/03/2025;3.012,27;;;;;;;;;;
25/03/2025;3.019,85;;;;;;;;;;
26/03/2025;3.019,29;;;;;;;;;;
27/03/2025;3.056,10;;;;;;;;;;
28/03/2025;3.084,03;;;;;;;;;;
31/03/2025;3.123,05;;;;;;;;;;
1/04/2025;3.110,55;;;;;;;;;;
2/04/2025;3.133,57;;;;;;;;;;
3/04/2025;3.112,83;;;;;;;;;;
4/04/2025;3.037,36;;;;;;;;;;
7/04/2025;2.982,54;;;;;;;;;;
8/04/2025;2.983,78;;;;;;;;;;
9/04/2025;3.082,18;;;;;;;;;;
10/04/2025;3.173,92;;;;;;;;;;
11/04/2025;3.236,21;;;;;;;;;;
14/04/2025;3.209,28;;;;;;;;;;
15/04/2025;3.227,60;;;;;;;;;;
16/04/2025;3.343,22;;;;;;;;;;
17/04/2025;3.327,54;;;;;;;;;;
21/04/2025;3.424,30;;;;;;;;;;
22/04/2025;3.382,54;;;;;;;;;;
23/04/2025;3.288,26;;;;;;;;;;
24/04/2025;3.349,10;;;;;;;;;;
25/04/2025;3.319,45;;;;;;;;;;
28/04/2025;3.341,67;;;;;;;;;;
29/04/2025;3.317,18;;;;;;;;;;
30/04/2025;3.288,59;;;;;;;;;;
1/05/2025;3.241,00;;;;;;;;;;
2/05/2025;3.240,88;;;;;;;;;;
5/05/2025;3.334,50;;;;;;;;;;
6/05/2025;3.430,21;;;;;;;;;;
7/05/2025;3.365,21;;;;;;;;;;
8/05/2025;3.305,52;;;;;;;;;;
9/05/2025;3.324,63;;;;;;;;;;
12/05/2025;3.234,70;;;;;;;;;;
13/05/2025;3.248,47;;;;;;;;;;
14/05/2025;3.178,75;;;;;;;;;;
15/05/2025;3.240,87;;;;;;;;;;
16/05/2025;3.202,77;;;;;;;;;;
19/05/2025;3.229,85;;;;;;;;;;
20/05/2025;3.290,12;;;;;;;;;;
21/05/2025;3.314,99;;;;;;;;;;
22/05/2025;3.295,00;;;;;;;;;;
23/05/2025;3.357,42;;;;;;;;;;
26/05/2025;3.342,94;;;;;;;;;;
27/05/2025;3.300,68;;;;;;;;;;
28/05/2025;3.289,76;;;;;;;;;;
29/05/2025;3.317,02;;;;;;;;;;
30/05/2025;3.289,40;;;;;;;;;;
2/06/2025;3.380,21;;;;;;;;;;
3/06/2025;3.352,25;;;;;;;;;;
4/06/2025;3.376,54;;;;;;;;;;
5/06/2025;3.354,16;;;;;;;;;;
6/06/2025;3.310,17;;;;;;;;;;
9/06/2025;3.328,33;;;;;;;;;;
10/06/2025;3.323,02;;;;;;;;;;
11/06/2025;3.353,84;;;;;;;;;;
12/06/2025;3.385,29;;;;;;;;;;
13/06/2025;3.432,64;;;;;;;;;;
16/06/2025;3.383,20;;;;;;;;;;
17/06/2025;3.388,74;;;;;;;;;;
18/06/2025;3.369,09;;;;;;;;;;
19/06/2025;3.370,75;;;;;;;;;;
20/06/2025;3.368,23;;;;;;;;;;
23/06/2025;3.368,88;;;;;;;;;;
24/06/2025;3.324,20;;;;;;;;;;
25/06/2025;3.332,46;;;;;;;;;;
26/06/2025;3.328,06;;;;;;;;;;
27/06/2025;3.274,25;;;;;;;;;;
30/06/2025;3.303,69;;;;;;;;;;
1/07/2025;3.339,21;;;;;;;;;;
2/07/2025;3.357,36;;;;;;;;;;
3/07/2025;3.326,57;;;;;;;;;;
4/07/2025;3.336,64;;;;;;;;;;
7/07/2025;3.335,61;;;;;;;;;;
8/07/2025;3.300,70;;;;;;;;;;
9/07/2025;3.313,72;;;;;;;;;;
10/07/2025;3.323,07;;;;;;;;;;
11/07/2025;3.355,91;;;;;;;;;;
14/07/2025;3.343,80;;;;;;;;;;
15/07/2025;3.322,63;;;;;;;;;;
16/07/2025;3.346,58;;;;;;;;;;
17/07/2025;3.338,95;;;;;;;;;;
18/07/2025;3.350,40;;;;;;;;;;
21/07/2025;3.395,80;;;;;;;;;;
22/07/2025;3.431,50;;;;;;;;;;
23/07/2025;3.387,78;;;;;;;;;;
24/07/2025;3.368,15;;;;;;;;;;
25/07/2025;3.337,18;;;;;;;;;;
28/07/2025;3.314,64;;;;;;;;;;
29/07/2025;3.326,84;;;;;;;;;;
30/07/2025;3.275,25;;;;;;;;;;
31/07/2025;3.290,32;;;;;;;;;;
1/08/2025;3.362,88;;;;;;;;;;
4/08/2025;3.373,37;;;;;;;;;;
5/08/2025;3.381,27;;;;;;;;;;
6/08/2025;3.369,04;;;;;;;;;;
7/08/2025;3.397,31;;;;;;;;;;
8/08/2025;3.398,78;;;;;;;;;;
11/08/2025;3.344,83;;;;;;;;;;
12/08/2025;3.346,20;;;;;;;;;;
13/08/2025;3.354,73;;;;;;;;;;
14/08/2025;3.336,50;;;;;;;;;;
15/08/2025;3.335,39;;;;;;;;;;
18/08/2025;3.330,55;;;;;;;;;;
19/08/2025;3.315,46;;;;;;;;;;
20/08/2025;3.347,11;;;;;;;;;;
21/08/2025;3.338,81;;;;;;;;;;
22/08/2025;3.372,11;;;;;;;;;;
25/08/2025;3.366,79;;;;;;;;;;
26/08/2025;3.392,88;;;;;;;;;;
27/08/2025;3.397,42;;;;;;;;;;
28/08/2025;3.417,20;;;;;;;;;;
29/08/2025;3.448,00;;;;;;;;;;
1/09/2025;3.476,47;;;;;;;;;;
2/09/2025;3.533,73;;;;;;;;;;
3/09/2025;3.559,43;;;;;;;;;;
4/09/2025;3.546,17;;;;;;;;;;
5/09/2025;3.586,81;;;;;;;;;;
8/09/2025;3.635,84;;;;;;;;;;
9/09/2025;3.626,48;;;;;;;;;;
10/09/2025;3.640,74;;;;;;;;;;
11/09/2025;3.634,09;;;;;;;;;;
12/09/2025;3.643,13;;;;;;;;;;
15/09/2025;3.679,13;;;;;;;;;;
16/09/2025;3.689,80;;;;;;;;;;
17/09/2025;3.660,04;;;;;;;;;;
18/09/2025;3.644,36;;;;;;;;;;
19/09/2025;3.684,98;;;;;;;;;;
22/09/2025;3.746,47;;;;;;;;;;
23/09/2025;3.764,19;;;;;;;;;;
24/09/2025;3.736,29;;;;;;;;;;
25/09/2025;3.749,37;;;;;;;;;;
26/09/2025;3.760,24;;;;;;;;;;
29/09/2025;3.833,93;;;;;;;;;;
30/09/2025;3.858,51;;;;;;;;;;
1/10/2025;3.865,80;;;;;;;;;;
2/10/2025;3.856,53;;;;;;;;;;
3/10/2025;3.886,83;;;;;;;;;;
6/10/2025;3.961,09;;;;;;;;;;
7/10/2025;3.983,82;;;;;;;;;;
8/10/2025;4.038,90;;;;;;;;;;
9/10/2025;3.976,29;;;;;;;;;;
10/10/2025;4.018,30;;;;;;;;;;
13/10/2025;4.110,70;;;;;;;;;;
14/10/2025;4.142,31;;;;;;;;;;
15/10/2025;4.208,58;;;;;;;;;;
16/10/2025;4.326,18;;;;;;;;;;
17/10/2025;4.249,98;;;;;;;;;;
20/10/2025;4.356,50;;;;;;;;;;
21/10/2025;4.125,10;;;;;;;;;;
22/10/2025;4.094,07;;;;;;;;;;
23/10/2025;4.126,17;;;;;;;;;;
24/10/2025;4.112,10;;;;;;;;;;
27/10/2025;3.981,59;;;;;;;;;;
28/10/2025;3.952,58;;;;;;;;;;
29/10/2025;3.930,38;;;;;;;;;;
30/10/2025;4.024,47;;;;;;;;;;
31/10/2025;4.002,28;;;;;;;;;;
3/11/2025;4.001,67;;;;;;;;;;
4/11/2025;3.932,05;;;;;;;;;;
5/11/2025;3.982,62;;;;;;;;;;
6/11/2025;3.977,87;;;;;;;;;;
7/11/2025;3.999,72;;;;;;;;;;
10/11/2025;4.115,90;;;;;;;;;;
11/11/2025;4.126,68;;;;;;;;;;
12/11/2025;4.198,73;;;;;;;;;;
13/11/2025;4.171,46;;;;;;;;;;
14/11/2025;4.079,58;;;;;;;;;;
17/11/2025;4.044,61;;;;;;;;;;
18/11/2025;4.067,88;;;;;;;;;;
19/11/2025;4.081,66;;;;;;;;;;
20/11/2025;4.077,50;;;;;;;;;;
21/11/2025;4.065,90;;;;;;;;;;
24/11/2025;4.139,70;;;;;;;;;;
25/11/2025;4.131,15;;;;;;;;;;
26/11/2025;4.164,59;;;;;;;;;;
27/11/2025;4.157,57;;;;;;;;;;
28/11/2025;4.230,63;;;;;;;;;;
1/12/2025;4.232,73;;;;;;;;;;
2/12/2025;4.208,14;;;;;;;;;;
3/12/2025;4.206,22;;;;;;;;;;
4/12/2025;4.208,69;;;;;;;;;;
5/12/2025;4.197,13;;;;;;;;;;
8/12/2025;4.189,05;;;;;;;;;;
9/12/2025;4.209,54;;;;;;;;;;
10/12/2025;4.228,55;;;;;;;;;;
11/12/2025;4.283,28;;;;;;;;;;
12/12/2025;4.302,43;;;;;;;;;;
15/12/2025;4.302,70;;;;;;;;;;
16/12/2025;4.303,80;;;;;;;;;;
17/12/2025;4.341,08;;;;;;;;;;
18/12/2025;4.332,40;;;;;;;;;;
19/12/2025;4.338,55;;;;;;;;;;
22/12/2025;4.445,95;;;;;;;;;;
23/12/2025;4.488,82;;;;;;;;;;
24/12/2025;4.479,64;;;;;;;;;;
25/12/2025;4.495,35;;;;;;;;;;
26/12/2025;4.532,63;;;;;;;;;;
29/12/2025;4.332,08;;;;;;;;;;
30/12/2025;4.346,51;;;;;;;;;;
31/12/2025;4.315,09;;;;;;;;;;
1/01/2026;4.348,35;;;;;;;;;;
2/01/2026;4.330,50;;;;;;;;;;
5/01/2026;4.448,47;;;;;;;;;;
6/01/2026;4.497,34;;;;;;;;;;
7/01/2026;4.453,04;;;;;;;;;;
8/01/2026;4.476,73;;;;;;;;;;
9/01/2026;4.510,45;;;;;;;;;;
11/01/2026;4.540,04;;;;;;;;;;
12/01/2026;4.594,00;;;;;;;;;;
13/01/2026;;;;;;;;;;;
14/01/2026;;;;;;;;;;;
15/01/2026;;;;;;;;;;;
16/01/2026;;;;;;;;;;;
17/01/2026;;;;;;;;;;;
18/01/2026;;;;;;;;;;;
19/01/2026;;;;;;;;;;;
20/01/2026;;;;;;;;;;;
21/01/2026;;;;;;;;;;;
22/01/2026;;;;;;;;;;;
23/01/2026;;;;;;;;;;;
24/01/2026;;;;;;;;;;;
25/01/2026;;;;;;;;;;;
26/01/2026;;;;;;;;;;;
27/01/2026;;;;;;;;;;;
28/01/2026;;;;;;;;;;;
29/01/2026;;;;;;;;;;;
30/01/2026;;;;;;;;;;;
31/01/2026;;;;;;;;;;;
1/02/2026;;;;;;;;;;;
2/02/2026;;;;;;;;;;;
3/02/2026;;;;;;;;;;;
4/02/2026;;;;;;;;;;;
5/02/2026;;;;;;;;;;;
6/02/2026;;;;;;;;;;;
7/02/2026;;;;;;;;;;;
8/02/2026;;;;;;;;;;;
9/02/2026;;;;;;;;;;;
10/02/2026;;;;;;;;;;;
11/02/2026;;;;;;;;;;;
12/02/2026;;;;;;;;;;;
13/02/2026;;;;;;;;;;;
14/02/2026;;;;;;;;;;;
15/02/2026;;;;;;;;;;;
16/02/2026;;;;;;;;;;;
17/02/2026;;;;;;;;;;;
18/02/2026;;;;;;;;;;;
19/02/2026;;;;;;;;;;;
20/02/2026;;;;;;;;;;;
21/02/2026;;;;;;;;;;;
22/02/2026;;;;;;;;;;;
23/02/2026;;;;;;;;;;;
24/02/2026;;;;;;;;;;;
25/02/2026;;;;;;;;;;;
26/02/2026;;;;;;;;;;;
27/02/2026;;;;;;;;;;;
28/02/2026;;;;;;;;;;;
1/03/2026;;;;;;;;;;;
2/03/2026;;;;;;;;;;;
3/03/2026;;;;;;;;;;;
4/03/2026;;;;;;;;;;;
5/03/2026;;;;;;;;;;;
6/03/2026;;;;;;;;;;;
7/03/2026;;;;;;;;;;;
8/03/2026;;;;;;;;;;;
9/03/2026;;;;;;;;;;;
10/03/2026;;;;;;;;;;;
11/03/2026;;;;;;;;;;;
12/03/2026;;;;;;;;;;;
13/03/2026;;;;;;;;;;;
14/03/2026;;;;;;;;;;;
15/03/2026;;;;;;;;;;;
16/03/2026;;;;;;;;;;;
17/03/2026;;;;;;;;;;;
18/03/2026;;;;;;;;;;;
19/03/2026;;;;;;;;;;;
20/03/2026;;;;;;;;;;;
21/03/2026;;;;;;;;;;;
22/03/2026;;;;;;;;;;;
23/03/2026;;;;;;;;;;;
24/03/2026;;;;;;;;;;;
25/03/2026;;;;;;;;;;;
26/03/2026;;;;;;;;;;;
27/03/2026;;;;;;;;;;;
28/03/2026;;;;;;;;;;;
29/03/2026;;;;;;;;;;;
30/03/2026;;;;;;;;;;;
31/03/2026;;;;;;;;;;;
1/04/2026;;;;;;;;;;;
2/04/2026;;;;;;;;;;;
3/04/2026;;;;;;;;;;;
4/04/2026;;;;;;;;;;;
5/04/2026;;;;;;;;;;;
6/04/2026;;;;;;;;;;;
7/04/2026;;;;;;;;;;;
8/04/2026;;;;;;;;;;;
9/04/2026;;;;;;;;;;;
10/04/2026;;;;;;;;;;;
11/04/2026;;;;;;;;;;;
12/04/2026;;;;;;;;;;;
13/04/2026;;;;;;;;;;;
14/04/2026;;;;;;;;;;;
15/04/2026;;;;;;;;;;;
16/04/2026;;;;;;;;;;;
17/04/2026;;;;;;;;;;;
18/04/2026;;;;;;;;;;;
19/04/2026;;;;;;;;;;;
20/04/2026;;;;;;;;;;;
21/04/2026;;;;;;;;;;;
22/04/2026;;;;;;;;;;;
23/04/2026;;;;;;;;;;;
24/04/2026;;;;;;;;;;;
25/04/2026;;;;;;;;;;;
26/04/2026;;;;;;;;;;;
27/04/2026;;;;;;;;;;;
28/04/2026;;;;;;;;;;;
29/04/2026;;;;;;;;;;;
30/04/2026;;;;;;;;;;;
1/05/2026;;;;;;;;;;;
2/05/2026;;;;;;;;;;;
3/05/2026;;;;;;;;;;;
4/05/2026;;;;;;;;;;;
5/05/2026;;;;;;;;;;;
6/05/2026;;;;;;;;;;;
7/05/2026;;;;;;;;;;;
8/05/2026;;;;;;;;;;;
9/05/2026;;;;;;;;;;;
10/05/2026;;;;;;;;;;;
11/05/2026;;;;;;;;;;;
12/05/2026;;;;;;;;;;;
13/05/2026;;;;;;;;;;;
14/05/2026;;;;;;;;;;;
15/05/2026;;;;;;;;;;;
16/05/2026;;;;;;;;;;;
17/05/2026;;;;;;;;;;;
18/05/2026;;;;;;;;;;;
19/05/2026;;;;;;;;;;;
20/05/2026;;;;;;;;;;;
21/05/2026;;;;;;;;;;;
22/05/2026;;;;;;;;;;;
23/05/2026;;;;;;;;;;;
24/05/2026;;;;;;;;;;;
25/05/2026;;;;;;;;;;;
26/05/2026;;;;;;;;;;;
27/05/2026;;;;;;;;;;;
28/05/2026;;;;;;;;;;;
29/05/2026;;;;;;;;;;;
30/05/2026;;;;;;;;;;;
31/05/2026;;;;;;;;;;;
1/06/2026;;;;;;;;;;;
2/06/2026;;;;;;;;;;;
3/06/2026;;;;;;;;;;;
4/06/2026;;;;;;;;;;;
5/06/2026;;;;;;;;;;;
6/06/2026;;;;;;;;;;;
7/06/2026;;;;;;;;;;;
8/06/2026;;;;;;;;;;;
9/06/2026;;;;;;;;;;;
10/06/2026;;;;;;;;;;;
11/06/2026;;;;;;;;;;;
12/06/2026;;;;;;;;;;;
13/06/2026;;;;;;;;;;;
14/06/2026;;;;;;;;;;;
15/06/2026;;;;;;;;;;;
16/06/2026;;;;;;;;;;;
17/06/2026;;;;;;;;;;;
18/06/2026;;;;;;;;;;;
19/06/2026;;;;;;;;;;;
20/06/2026;;;;;;;;;;;
21/06/2026;;;;;;;;;;;
22/06/2026;;;;;;;;;;;
23/06/2026;;;;;;;;;;;
24/06/2026;;;;;;;;;;;
25/06/2026;;;;;;;;;;;
26/06/2026;;;;;;;;;;;
27/06/2026;;;;;;;;;;;
28/06/2026;;;;;;;;;;;
29/06/2026;;;;;;;;;;;
30/06/2026;;;;;;;;;;;
1/07/2026;;;;;;;;;;;
2/07/2026;;;;;;;;;;;
3/07/2026;;;;;;;;;;;
4/07/2026;;;;;;;;;;;
5/07/2026;;;;;;;;;;;
6/07/2026;;;;;;;;;;;
7/07/2026;;;;;;;;;;;
8/07/2026;;;;;;;;;;;
9/07/2026;;;;;;;;;;;
10/07/2026;;;;;;;;;;;
11/07/2026;;;;;;;;;;;
12/07/2026;;;;;;;;;;;
13/07/2026;;;;;;;;;;;
14/07/2026;;;;;;;;;;;
15/07/2026;;;;;;;;;;;
16/07/2026;;;;;;;;;;;
17/07/2026;;;;;;;;;;;
18/07/2026;;;;;;;;;;;
19/07/2026;;;;;;;;;;;
20/07/2026;;;;;;;;;;;
21/07/2026;;;;;;;;;;;
22/07/2026;;;;;;;;;;;
23/07/2026;;;;;;;;;;;
24/07/2026;;;;;;;;;;;
25/07/2026;;;;;;;;;;;
26/07/2026;;;;;;;;;;;
27/07/2026;;;;;;;;;;;
28/07/2026;;;;;;;;;;;
29/07/2026;;;;;;;;;;;
30/07/2026;;;;;;;;;;;
31/07/2026;;;;;;;;;;;
1/08/2026;;;;;;;;;;;
2/08/2026;;;;;;;;;;;
3/08/2026;;;;;;;;;;;
4/08/2026;;;;;;;;;;;
5/08/2026;;;;;;;;;;;
6/08/2026;;;;;;;;;;;
7/08/2026;;;;;;;;;;;
8/08/2026;;;;;;;;;;;
9/08/2026;;;;;;;;;;;
10/08/2026;;;;;;;;;;;
11/08/2026;;;;;;;;;;;
12/08/2026;;;;;;;;;;;
13/08/2026;;;;;;;;;;;
14/08/2026;;;;;;;;;;;
15/08/2026;;;;;;;;;;;
16/08/2026;;;;;;;;;;;
17/08/2026;;;;;;;;;;;
18/08/2026;;;;;;;;;;;
19/08/2026;;;;;;;;;;;
20/08/2026;;;;;;;;;;;
21/08/2026;;;;;;;;;;;
22/08/2026;;;;;;;;;;;
23/08/2026;;;;;;;;;;;
24/08/2026;;;;;;;;;;;
25/08/2026;;;;;;;;;;;
26/08/2026;;;;;;;;;;;
27/08/2026;;;;;;;;;;;
28/08/2026;;;;;;;;;;;
29/08/2026;;;;;;;;;;;
30/08/2026;;;;;;;;;;;
31/08/2026;;;;;;;;;;;
1/09/2026;;;;;;;;;;;
2/09/2026;;;;;;;;;;;
3/09/2026;;;;;;;;;;;
4/09/2026;;;;;;;;;;;
5/09/2026;;;;;;;;;;;
6/09/2026;;;;;;;;;;;
7/09/2026;;;;;;;;;;;
8/09/2026;;;;;;;;;;;
9/09/2026;;;;;;;;;;;
10/09/2026;;;;;;;;;;;
11/09/2026;;;;;;;;;;;
12/09/2026;;;;;;;;;;;
13/09/2026;;;;;;;;;;;
14/09/2026;;;;;;;;;;;
15/09/2026;;;;;;;;;;;
16/09/2026;;;;;;;;;;;
17/09/2026;;;;;;;;;;;
18/09/2026;;;;;;;;;;;
19/09/2026;;;;;;;;;;;
20/09/2026;;;;;;;;;;;
21/09/2026;;;;;;;;;;;
22/09/2026;;;;;;;;;;;
23/09/2026;;;;;;;;;;;
24/09/2026;;;;;;;;;;;
25/09/2026;;;;;;;;;;;
26/09/2026;;;;;;;;;;;
27/09/2026;;;;;;;;;;;
28/09/2026;;;;;;;;;;;
29/09/2026;;;;;;;;;;;
30/09/2026;;;;;;;;;;;
1/10/2026;;;;;;;;;;;
2/10/2026;;;;;;;;;;;
3/10/2026;;;;;;;;;;;
4/10/2026;;;;;;;;;;;
5/10/2026;;;;;;;;;;;
6/10/2026;;;;;;;;;;;
7/10/2026;;;;;;;;;;;
8/10/2026;;;;;;;;;;;
9/10/2026;;;;;;;;;;;
10/10/2026;;;;;;;;;;;
11/10/2026;;;;;;;;;;;
12/10/2026;;;;;;;;;;;
13/10/2026;;;;;;;;;;;
14/10/2026;;;;;;;;;;;
15/10/2026;;;;;;;;;;;
16/10/2026;;;;;;;;;;;
17/10/2026;;;;;;;;;;;
18/10/2026;;;;;;;;;;;
19/10/2026;;;;;;;;;;;
20/10/2026;;;;;;;;;;;
21/10/2026;;;;;;;;;;;
22/10/2026;;;;;;;;;;;
23/10/2026;;;;;;;;;;;
24/10/2026;;;;;;;;;;;
25/10/2026;;;;;;;;;;;
26/10/2026;;;;;;;;;;;
27/10/2026;;;;;;;;;;;
28/10/2026;;;;;;;;;;;
29/10/2026;;;;;;;;;;;
30/10/2026;;;;;;;;;;;
31/10/2026;;;;;;;;;;;
1/11/2026;;;;;;;;;;;
2/11/2026;;;;;;;;;;;
3/11/2026;;;;;;;;;;;
4/11/2026;;;;;;;;;;;
5/11/2026;;;;;;;;;;;
6/11/2026;;;;;;;;;;;
7/11/2026;;;;;;;;;;;
8/11/2026;;;;;;;;;;;
9/11/2026;;;;;;;;;;;
10/11/2026;;;;;;;;;;;
11/11/2026;;;;;;;;;;;
12/11/2026;;;;;;;;;;;
13/11/2026;;;;;;;;;;;
14/11/2026;;;;;;;;;;;
15/11/2026;;;;;;;;;;;
16/11/2026;;;;;;;;;;;
17/11/2026;;;;;;;;;;;
18/11/2026;;;;;;;;;;;
19/11/2026;;;;;;;;;;;
20/11/2026;;;;;;;;;;;
21/11/2026;;;;;;;;;;;
22/11/2026;;;;;;;;;;;
23/11/2026;;;;;;;;;;;
24/11/2026;;;;;;;;;;;
25/11/2026;;;;;;;;;;;
26/11/2026;;;;;;;;;;;
27/11/2026;;;;;;;;;;;
28/11/2026;;;;;;;;;;;
29/11/2026;;;;;;;;;;;
30/11/2026;;;;;;;;;;;
1/12/2026;;;;;;;;;;;
2/12/2026;;;;;;;;;;;
3/12/2026;;;;;;;;;;;
4/12/2026;;;;;;;;;;;
5/12/2026;;;;;;;;;;;
6/12/2026;;;;;;;;;;;
7/12/2026;;;;;;;;;;;
8/12/2026;;;;;;;;;;;
9/12/2026;;;;;;;;;;;
10/12/2026;;;;;;;;;;;
11/12/2026;;;;;;;;;;;
12/12/2026;;;;;;;;;;;
13/12/2026;;;;;;;;;;;
14/12/2026;;;;;;;;;;;
15/12/2026;;;;;;;;;;;
16/12/2026;;;;;;;;;;;
17/12/2026;;;;;;;;;;;
18/12/2026;;;;;;;;;;;
19/12/2026;;;;;;;;;;;
20/12/2026;;;;;;;;;;;
21/12/2026;;;;;;;;;;;
22/12/2026;;;;;;;;;;;
23/12/2026;;;;;;;;;;;
24/12/2026;;;;;;;;;;;
25/12/2026;;;;;;;;;;;
26/12/2026;;;;;;;;;;;
27/12/2026;;;;;;;;;;;
28/12/2026;;;;;;;;;;;
29/12/2026;;;;;;;;;;;
30/12/2026;;;;;;;;;;;
31/12/2026;;5055;4900;4800;5000;4450;3650;4800;4750;4400;5000
;;J.P. Morgan mantiene una 'fuerte convicción' de que el oro alcanzará los $5,000 hacia finales de año. Gregory Shearer, jefe de estrategia de metales, afirma que 'aunque el tiempo de los catalizadores es difícil de precisar, la demanda tiene suficiente potencia para este nivel'. El banco destaca el rol de los bancos centrales (previendo compras de 755 toneladas en 2026) y una nueva demanda proveniente del sector asegurador chino y la comunidad cripto.;La firma elevó su previsión citando un aumento del 14% impulsado por flujos en ETFs y compras estructurales de bancos centrales de mercados emergentes. Sus analistas señalan que 'el oro se beneficiará de factores cíclicos como los recortes de tasas de la Fed (esperando 100 pb menos para mediados de 2026) y factores estructurales de diversificación ante la incertidumbre comercial global'.;UBS prevé que el oro toque los $5,000 en el primer trimestre, pero que termine el año en $4,800 tras una 'toma de beneficios natural'. El banco advierte que la volatilidad política por las elecciones intermedias de EE.UU. podría disparar el precio hasta los $5,400 en un escenario de estrés, afirmando que 'el oro sigue siendo el componente central de protección ante déficits gubernamentales crecientes'.;BofA sitúa su objetivo en los $5,000 basándose en lo que llaman un 'marco de política poco ortodoxo' de la Casa Blanca. El reporte de su equipo de Global Research subraya que 'los déficits fiscales y el aumento de la deuda, junto con una presión política para recortar tasas con inflación persistente, crean el entorno perfecto para que el oro alcance nuevos hitos'.;HSBC es más cauteloso, proyectando un pico de $5,050 en el primer semestre seguido de una corrección profunda. Sus analistas advierten que 'vemos un rango muy amplio entre $5,050 y $3,950 debido a que los precios altos podrían reducir la demanda de joyería y provocar ventas masivas si los riesgos geopolíticos se calman o la Fed detiene sus recortes'.;En su 'escenario base' (50% de probabilidad), Citi prevé que el oro baje si la economía de EE.UU. mejora significativamente. Sin embargo, contrastan esto con un 'escenario alcista' (30% prob.) de $5,000-6,000 si ocurre una 'reasignación masiva de riqueza global' donde el mercado físico, al ser pequeño, obligue a un ajuste de precios violento hacia arriba.;"El banco proyecta que el rally continuará apoyado por cambios en el liderazgo de la Fed y una debilidad sostenida del dólar. Según su nota de enero 2026, 'una combinación de fuerzas monetarias e institucionales sostendrá las ganancias; el costo de oportunidad de mantener activos sin rendimiento como el oro seguirá cayendo ante tipos de interés reales más bajos'.";Standard Chartered delinea un panorama constructivo con un promedio anual de $4,488, pero con un cierre fuerte de año. Su informe enfatiza que 'el oro permanece altamente sensible a los rendimientos reales y a la dinámica de divisas, funcionando como una cobertura crítica ante la incertidumbre del camino de las tasas de interés en la segunda mitad de 2026'.;"ANZ anticipa un pico de $4,600 en junio de 2026 para luego estabilizarse cerca de los $4,400. Su tesis es que 'el ciclo de flexibilización de la Fed proporcionará vientos de cola hasta mediados de año; después de eso, el mercado enfrentará vientos en contra a medida que las tasas reales comiencen a normalizarse y se gane claridad sobre el crecimiento de EE.UU.'.";SocGen mantiene una de las posturas más sólidas sobre el valor del oro como 'diversificador definitivo'. Proyectan que alcanzará los $5,000 para fines de 2026, argumentando que 'la volatilidad persistente en los mercados de renta variable y la necesidad de cobertura contra riesgos de cola mantendrán la demanda de inversión en niveles récord'.
